Customer ID,Revenue,Quantity
12346,-51.739999999999995,53
12347,3578.67,1567
12348,478.2,114
12349,3947.94,1057
12350,314.0,173
12351,237.93,111
12352,1829.21,610
12353,406.76,212
12354,805.0,282
12355,560.61,195
12356,2945.19,655
12357,6485.84,1633
12358,1808.22,398
12359,8496.380000000001,2167
12360,3777.29,1762
12361,511.25,235
12362,5083.22,1861
12363,194.28,84
12364,809.28,579
12365,320.69,173
12367,135.3,63
12368,607.0,108
12369,1279.85,606
12370,3184.42,1226
12371,3791.05,1223
12372,700.8,246
12373,1102.15,486
12374,2008.98,714
12375,393.02000000000004,147
12376,232.55,60
12377,2534.9,1036
12378,4700.22,2125
12379,1493.17,643
12380,6408.4800000000005,2137
12381,1664.22,530
12382,-18.38,-1
12383,1287.1299999999999,564
12384,566.16,121
12385,1771.6,503
12386,155.7,46
12387,113.69999999999999,62
12388,2750.81,955
12389,987.23,421
12390,432.0,147
12391,2500.58,997
12392,93.15,25
12393,1807.05,903
12394,543.0799999999999,191
12395,3583.02,1500
12396,915.83,567
12397,2245.98,903
12398,1030.32,425
12399,1118.4,704
12400,184.85,67
12401,84.3,11
12402,1244.15,583
12403,214.4,43
12404,63.24,1
12405,1506.8700000000001,377
12406,3094.2000000000003,1150
12407,1142.86,491
12408,3170.18,1270
12409,4474.39,679
12410,911.7,243
12411,346.9,138
12412,1612.99,796
12413,915.1,291
12414,514.45,97
12415,6434.69,1219
12416,202.56,132
12417,6179.31,1888
12418,1892.38,747
12419,498.45,207
12420,500.07,129
12421,965.87,455
12422,2993.45,1265
12423,2237.91,1169
12424,934.74,435
12425,1248.33,599
12426,1298.83,528
12427,665.41,212
12428,6834.61,2013
12429,3340.4900000000002,1114
12430,246.32,93
12431,7403.92,2486
12432,3368.48,755
12433,7211.26,3050
12434,1032.48,487
12435,1472.3,357
12436,443.01,91
12437,8837.65,3502
12438,2183.13,664
12439,1059.18,424
12440,768.15,308
12441,142.05,46
12442,103.48,61
12443,431.88,131
12444,4925.06,1081
12445,366.48,156
12446,1002.3100000000001,351
12447,476.49,190
12448,391.61,147
12449,4061.77,1486
12450,510.47,299
12451,7589.23,3458
12452,398.57,159
12453,614.09,299
12454,260.15,16
12455,3551.81,1320
12456,2426.73,778
12457,1907.28,572
12458,1420.91,632
12459,344.2,138
12460,295.15,95
12461,822.32,263
12462,1070.97,394
12463,1258.03,709
12464,1212.05,112
12465,653.49,355
12466,56.73,1
12467,0.0,0
12468,2399.89,1083
12469,1023.7,452
12470,211.95,95
12471,23917.72,7964
12472,12252.05,6518
12473,2266.2799999999997,1238
12474,10240.61,5358
12475,948.54,401
12476,11294.92,3131
12477,14621.86,4081
12478,680.99,236
12479,437.54,247
12480,4230.86,1693
12481,6332.09,2144
12482,135.41000000000003,23
12483,2985.19,921
12484,5563.0,2291
12485,645.4,312
12486,901.8000000000001,295
12488,1093.58,373
12489,324.85,81
12490,8235.18,3829
12491,398.0,164
12492,633.91,299
12493,386.91,170
12494,1564.0,688
12495,323.4,126
12496,45.34,30
12497,215.25,13
12498,403.70000000000005,159
12499,340.08,194
12500,1726.97,528
12501,1783.14,843
12502,3637.47,724
12503,-896.0,0
12504,102.6,11
12505,878.0,289
12506,73.5,23
12507,876.15,265
12508,397.88,271
12509,176.5,55
12510,2895.41,1054
12511,2695.45,1184
12512,121.68,71
12513,471.59,284
12514,1547.36,792
12515,357.3,83
12516,1148.88,502
12517,2443.65,1338
12518,1775.19,833
12519,642.47,284
12520,2401.31,1118
12521,599.68,309
12522,169.76,70
12523,3634.69,1362
12524,3599.4,1183
12525,804.1,413
12526,1286.42,560
12527,382.23,166
12528,1728.48,508
12529,267.68,117
12530,2689.32,1264
12531,1738.55,911
12532,340.47,129
12533,979.29,349
12534,971.28,480
12535,695.95,195
12536,3418.4199999999987,1630
12537,692.38,377
12538,518.44,200
12539,8800.8,3733
12540,16576.41,5193
12541,725.8199999999999,330
12542,226.82,130
12543,692.25,300
12544,355.7,132
12545,808.75,343
12546,1149.98,537
12547,225.9,117
12548,95.19999999999999,49
12549,386.72,190
12550,889.65,398
12551,168.0,100
12552,427.32,63
12553,4175.62,1847
12554,417.44,143
12555,129.23,1
12556,589.48,331
12558,33.0,20
12559,326.45,135
12560,1868.53,787
12561,196.85,77
12562,4283.7,1726
12563,249.24,113
12564,456.9,133
12565,131.17,75
12566,236.0,69
12567,10772.28,3920
12568,59.5,23
12569,3507.59,1133
12570,77.52,1
12571,330.96999999999997,259
12572,939.52,364
12573,625.91,358
12574,218.45,61
12575,592.22,279
12576,1932.19,1251
12577,1435.96,1031
12578,3687.81,1314
12579,368.72,178
12580,1026.2,515
12581,187.21,136
12582,1836.64,709
12583,7922.17,3104
12584,1893.95,354
12585,1459.51,517
12586,1879.1100000000001,493
12587,144.0,51
12588,823.3,218
12589,2727.27,1032
12590,941.52,57
12591,1178.15,413
12592,185.41999999999996,554
12593,418.09999999999997,206
12594,4025.29,1717
12595,195.22,91
12596,414.09000000000003,101
12597,3281.49,1225
12598,3399.52,1591
12599,1336.0,845
12600,4329.150000000001,1020
12601,533.36,205
12602,153.12,162
12603,126.0,7
12604,168.98,81
12605,1010.47,608
12606,21.0,1
12607,55.39999999999999,52
12608,159.95,83
12609,3237.92,1191
12610,1708.79,640
12611,925.96,454
12612,533.5500000000001,119
12613,5663.68,2479
12614,315.6,76
12615,4489.96,2101
12616,1014.15,433
12617,352.98,210
12618,156.31,46
12619,1058.79,430
12620,1088.93,677
12621,14012.76,5727
12622,180.1,69
12623,2937.62,1390
12624,584.73,283
12625,2960.46,1172
12626,5245.79,2368
12627,4054.71,1913
12628,619.11,308
12629,1049.0,265
12630,1224.8,452
12631,3286.67,1401
12632,400.06,241
12633,4742.89,2208
12634,260.79999999999995,73
12635,2709.57,1429
12636,141.0,1
12637,7683.68,3595
12638,761.65,319
12639,1142.09,475
12640,1114.82,287
12641,172.7,48
12642,600.1,300
12643,487.48,15
12644,1585.02,677
12645,2670.62,1273
12646,672.85,317
12647,10992.44,3236
12648,1025.3,417
12649,1663.3,895
12650,204.52,158
12651,365.3,262
12652,852.7,341
12653,2013.83,573
12654,601.98,264
12655,261.35,80
12656,4738.6,1684
12657,954.12,243
12658,603.25,248
12659,48.0,9
12660,221.7,91
12661,69.6,48
12662,6464.31,2980
12663,124.80000000000001,25
12664,740.0,90
12665,241.45,109
12666,604.88,236
12667,538.77,179
12668,10285.06,3858
12669,1426.89,694
12670,2592.87,853
12671,464.301,99
12672,410.5,131
12673,1063.52,490
12674,1445.56,569
12675,920.35,310
12676,1817.1100000000001,638
12677,389.3,174
12678,3478.56,592
12679,799.71,290
12680,852.85,360
12681,22730.16,10464
12682,19725.920000000002,7575
12683,7686.79,3415
12684,1172.3899999999999,613
12685,2684.52,1159
12686,58.9,35
12687,1902.69,946
12688,2519.67,823
12689,1154.97,556
12690,389.01,106
12691,753.4,265
12692,110.95,36
12693,1598.66,476
12694,1119.05,425
12695,1300.92,322
12696,645.39,395
12697,741.98,251
12698,339.75,111
12699,601.63,301
12700,3981.29,1985
12701,2074.11,959
12702,219.0,53
12703,885.88,509
12704,1742.76,571
12705,9687.39,4565
12706,-91.89,-1
12707,603.42,256
12708,4690.84,2006
12709,8583.14,2072
12710,971.81,525
12711,1020.09,506
12712,5955.02,1558
12713,671.67,288
12714,11624.63,5558
12715,336.4,168
12716,949.21,490
12717,1224.35,551
12718,224.32999999999998,155
12719,552.9,265
12720,6315.57,3085
12721,3347.87,1440
12722,727.81,358
12723,630.39,326
12724,2165.36,995
12725,1925.0,638
12726,1282.32,692
12727,4025.09,1467
12728,930.97,399
12729,432.85,185
12730,829.25,234
12731,9302.07,2248
12732,196.26000000000002,79
12733,2122.22,729
12734,231.35,107
12735,712.85,224
12736,90.0,5
12737,3710.5,2
12738,102.55,52
12739,2521.59,562
12740,340.8,206
12741,305.75,70
12742,855.2,482
12743,514.09,241
12744,7482.43,2212
12745,466.41,72
12746,230.85000000000002,91
12747,5417.35,1661
12748,33000.58,18230
12749,5845.37,1663
12750,244.38,62
12751,263.02,164
12752,171.5,58
12753,721.6899999999999,78
12754,0.0,47
12755,62.60000000000001,46
12757,3402.95,1918
12758,4370.52,1992
12759,4429.9800000000005,2284
12760,297.64,126
12761,782.95,281
12762,1229.4,579
12763,250.48,148
12764,1680.68,362
12765,812.74,505
12766,7330.89,3085
12767,573.38,274
12768,3.552713678800501e-15,0
12769,698.64,164
12770,421.54999999999995,35
12771,262.5,100
12772,789.27,384
12773,0.0,0
12774,98.7,53
12775,1062.84,435
12776,45.0,21
12777,334.95,161
12778,1183.96,738
12779,4135.83,1711
12780,237.32,117
12781,246.3,74
12782,4258.9800000000005,1620
12783,1538.1100000000001,502
12784,1632.65,665
12785,1024.71,363
12786,285.7,108
12787,668.62,335
12788,444.9,194
12789,273.35,36
12790,523.13,204
12791,237.14999999999998,159
12792,738.5799999999999,320
12793,819.53,421
12794,691.87,387
12795,430.48,68
12796,30.0,2
12797,461.35,148
12798,43.49,79
12799,219.35,137
12800,574.17,260
12801,905.27,300
12802,1854.79,905
12803,684.69,356
12804,263.87,171
12805,1190.15,473
12806,927.86,377
12807,263.95,96
12808,776.7,322
12809,1635.74,412
12810,393.63,221
12811,975.7,375
12812,190.04000000000002,92
12813,556.4,241
12814,40.0,1
12815,1037.96,349
12816,572.2,128
12817,651.38,195
12818,591.0,59
12819,380.20000000000005,128
12820,2258.06,1094
12821,154.8,90
12822,713.0600000000001,340
12824,397.12,232
12825,518.63,139
12826,2219.55,1300
12827,430.15000000000003,197
12828,914.5500000000001,398
12829,236.87,45
12830,-66.24,-1
12831,345.75,159
12832,383.03,195
12833,407.3,132
12834,312.38,110
12835,5773.95,1903
12836,6138.53,1641
12837,662.66,194
12838,2459.66,1179
12839,7966.2300000000005,4835
12840,3572.87,1880
12841,5242.4800000000005,2879
12842,739.57,302
12843,4070.22,1264
12844,648.6,223
12845,71.79,25
12846,15.58,1
12847,700.11,580
12848,208.0,58
12849,1736.1200000000001,632
12851,280.76,157
12852,251.75,97
12853,2948.5,895
12854,2481.86,1137
12855,612.84,240
12856,2019.85,929
12857,2427.55,710
12858,121.08,50
12859,327.0,118
12860,54.22,26
12861,68.25,27
12862,834.92,373
12863,1087.1,268
12864,11.149999999999999,13
12865,2897.23,1421
12866,1156.37,401
12867,6673.0199999999995,5625
12868,1955.44,1026
12869,256.07,112
12870,1355.21,628
12871,157.94,84
12872,3104.27,1449
12873,713.7,146
12874,666.54,275
12876,2484.83,1187
12877,2704.4700000000003,1664
12878,588.4399999999999,320
12879,58.650000000000006,27
12880,600.53,207
12881,298.0,21
12882,995.4,140
12883,693.39,172
12884,309.05,43
12885,1004.97,461
12886,1204.33,485
12887,192.4,76
12888,151.05,20
12889,365.66,120
12890,628.08,336
12892,256.42,116
12893,176.55,90
12894,157.35,33
12895,320.9,156
12896,-29.75,-5
12897,133.85,33
12898,143.57,91
12899,366.4,108
12900,300.25,91
12901,664.83,369
12902,138.68,66
12903,682.65,301
12904,465.31,253
12905,916.54,360
12906,594.49,217
12907,364.28000000000003,116
12909,2442.25,968
12910,1409.42,710
12911,1567.36,651
12912,344.34000000000003,98
12913,1580.74,448
12914,40.5,22
12915,848.3,320
12916,3308.25,937
12917,668.6999999999999,170
12918,-10953.5,-1
12919,933.76,428
12920,333.4,181
12921,22909.47,11130
12922,332.9,226
12923,630.92,176
12924,884.8100000000001,343
12925,596.13,409
12926,1463.97,706
12927,177.14999999999998,97
12928,2959.95,1565
12929,105.1,36
12930,356.14,170
12931,526.06,168
12932,1026.98,499
12933,1488.22,644
12934,79.95,1
12935,3174.25,1489
12936,699.74,335
12937,2307.05,1377
12938,93.25999999999999,68
12940,843.96,327
12941,248.85,201
12942,675.6,198
12943,409.8,172
12944,524.11,217
12945,781.9300000000001,285
12946,324.45,149
12947,1176.65,635
12948,2032.4,902
12949,12516.77,5170
12950,243.4,172
12951,2987.12,1409
12952,1299.8,508
12953,769.05,244
12954,162.45,83
12955,2028.8,1104
12956,407.17,196
12957,7697.9800000000005,3299
12958,467.34,118
12959,61.949999999999996,24
12960,841.87,435
12961,198.07,132
12962,266.39,129
12963,2940.29,1218
12964,132.24,56
12965,739.8100000000001,258
12966,160.18,75
12967,1851.62,484
12968,39.95,25
12969,109.25,31
12970,1323.58,759
12971,6709.570000000001,2458
12972,913.87,469
12973,385.55,31
12974,408.95,104
12975,1917.07,705
12976,1987.6399999999999,1244
12977,513.88,128
12978,2292.92,1108
12979,339.86,232
12980,8722.26,266
12981,359.02,218
12982,2322.69,1250
12983,224.4,158
12984,97.5,26
12985,888.08,536
12986,1315.0700000000002,437
12987,1136.33,390
12988,505.82,126
12989,1420.04,324
12990,604.5,300
12991,620.26,214
12992,93.35000000000001,21
12993,1184.3,624
12994,850.5600000000001,317
12995,-10.6,-10
12996,355.5,122
12997,1705.71,747
12998,530.6,366
12999,350.28,184
13000,848.6,346
13001,13686.39,6131
13002,404.05,177
13003,59.050000000000004,31
13004,9970.65,6213
13005,814.55,263
13006,70.05,7
13007,175.25,59
13008,494.56,240
13010,131.34,30
13011,50.550000000000004,13
13012,2240.3,1089
13013,9115.300000000001,3415
13014,4941.17,1633
13015,5694.62,2196
13016,623.33,287
13018,8375.77,4527
13019,1142.15,347
13020,576.48,223
13021,3984.2400000000002,1563
13022,65.3,35
13023,1354.11,381
13024,535.42,174
13025,203.15,97
13026,515.95,304
13027,-91.2,-3
13028,433.96,352
13029,1544.8,164
13030,742.36,324
13031,2975.65,1898
13032,2461.08,962
13033,220.55,98
13034,720.82,358
13035,486.75000000000006,193
13036,307.1,38
13037,3464.91,1466
13038,488.46000000000004,216
13039,980.73,266
13040,646.63,281
13041,593.63,221
13042,1270.64,537
13043,282.45,59
13044,4374.77,1715
13045,785.22,356
13046,813.59,286
13047,6714.43,1847
13048,3584.34,2141
13049,369.90000000000003,102
13050,10382.87,4931
13051,80.8,12
13052,2657.98,1021
13053,127.65,47
13054,-14.0,-1
13055,1977.81,1106
13056,158.0,60
13057,50.250000000000014,140
13058,147.65,27
13059,2167.92,682
13060,246.33,99
13061,228.21,83
13062,286.5,55
13063,158.4,92
13064,1581.52,536
13065,1050.1000000000001,380
13066,369.4,221
13067,508.51,131
13069,5747.02,3788
13070,685.4,338
13071,129.22,30
13072,142.35000000000002,45
13073,370.68,163
13074,556.6,168
13075,258.81,119
13076,135.4,44
13077,2201.35,1225
13078,15106.72,4597
13079,389.18,134
13080,227.95,95
13081,33076.42,15868
13082,1660.78,698
13083,295.11,163
13084,-5.949999999999999,-7
13085,1093.46,571
13086,439.33000000000004,155
13087,313.64,86
13088,236.11,76
13089,54090.950000000004,21956
13090,4355.33,1461
13091,899.49,-48
13092,1969.25,417
13093,20372.94,6314
13094,128.88,36
13095,32.4,24
13096,419.70000000000005,6
13097,11760.41,3985
13098,10168.64,3304
13100,-1598.67,-1
13101,388.5,184
13102,7959.11,3261
13103,601.28,280
13104,279.18,138
13106,484.70000000000005,131
13107,2213.0,848
13108,394.4,214
13109,977.74,420
13110,2825.3700000000003,733
13111,181.0,108
13112,-5.44,-1
13113,8872.31,2130
13114,234.38,74
13115,4519.89,2325
13116,402.69,141
13117,2018.76,1232
13118,2236.6,654
13119,121.69999999999999,86
13120,30.599999999999998,12
13121,239.60999999999999,191
13122,859.27,441
13123,496.25,243
13124,3612.2,1592
13125,148.62,53
13126,2867.47,1617
13127,259.17,127
13129,103.95,62
13130,64.0,32
13131,2967.59,1045
13132,77.3,20
13133,200.45000000000002,55
13134,1891.52,707
13135,275.45,123
13136,5605.36,2405
13137,7376.13,3933
13138,1251.18,568
13139,4480.63,1492
13140,954.5699999999999,425
13141,6107.27,3199
13142,235.27,87
13143,399.2,196
13144,135.35,29
13145,351.25,22
13146,198.25,81
13148,7441.56,3207
13149,1241.42,560
13150,233.89999999999998,26
13151,2334.06,695
13152,2015.48,814
13153,131.10000000000002,90
13154,687.11,588
13155,1282.1,618
13156,1325.3,552
13157,3460.79,1824
13158,1417.34,812
13159,1287.15,714
13160,57.0,32
13161,472.13,105
13162,4140.43,1345
13163,0.0,0
13164,216.66000000000003,34
13165,160.16,144
13166,778.8,327
13167,904.17,427
13168,1635.78,641
13169,548.3,98
13170,101.97,105
13171,392.49,155
13173,1968.6200000000001,842
13174,7598.33,3164
13175,753.5,320
13176,364.01,172
13177,512.2,180
13178,11465.17,5958
13179,496.95000000000005,272
13180,56.1,18
13181,288.89,123
13182,68.68,76
13183,1502.99,843
13184,1114.73,828
13185,71.4,12
13186,1362.79,535
13187,305.21,197
13188,15.0,1
13189,78.72,112
13190,325.15,89
13191,164.69,115
13192,2169.65,1157
13193,112.08,46
13194,162.7,38
13195,136.73,70
13196,2622.36,1392
13197,341.51000000000005,129
13198,4279.64,2136
13199,2147.56,641
13200,661.71,265
13201,684.19,451
13202,1438.15,451
13203,1886.21,1223
13204,916.26,404
13206,6136.97,3670
13207,496.02000000000004,130
13208,1797.02,1151
13209,6065.58,2549
13210,277.4,196
13211,1008.23,790
13212,779.33,308
13213,2797.86,1460
13214,2670.04,1684
13216,10.5,5
13217,48.620000000000005,14
13218,49.8,36
13219,76.23,11
13220,1137.79,297
13221,847.41,244
13223,77.4,52
13224,1775.8600000000001,751
13225,1424.0,304
13226,305.5,155
13227,196.5,75
13229,160.95,63
13230,5866.33,2944
13231,-355.2,-1
13232,1231.8700000000001,529
13233,579.46,452
13234,346.5,159
13235,12.370000000000005,380
13236,426.67,111
13237,643.0,128
13238,882.73,390
13239,1267.76,533
13240,1447.95,613
13241,112.53,46
13242,699.4,350
13243,1210.3,530
13244,121.74000000000001,38
13245,938.8199999999999,323
13246,1951.8,1453
13247,414.72,184
13248,406.46,184
13249,127.73,66
13250,245.59,105
13251,242.6,191
13252,341.3,128
13253,842.87,295
13254,44.45,19
13255,411.91,140
13257,117.95,29
13258,587.83,238
13259,1402.54,503
13260,380.92,52
13261,772.5,122
13262,529.53,175
13263,8133.32,4496
13264,712.0600000000001,350
13265,1009.82,620
13266,3313.8,2104
13267,8180.9400000000005,2871
13268,2456.36,2170
13269,6244.05,2959
13271,192.77,192
13272,242.0,48
13273,123.28999999999999,92
13274,294.85,79
13275,208.86,114
13276,1767.65,706
13277,323.8,232
13278,1114.46,646
13279,116.94000000000001,46
13280,2011.27,941
13281,320.15000000000003,161
13282,1218.39,367
13283,368.8,180
13284,182.95,55
13285,3064.65,1820
13286,634.71,190
13287,530.47,273
13288,70.8,8
13289,307.95,119
13290,-208.63,-1
13291,3074.05,1355
13292,873.79,386
13293,1180.34,549
13294,1417.85,628
13295,891.19,485
13296,663.33,441
13297,2018.21,699
13299,1142.22,334
13300,1067.41,325
13301,557.49,285
13302,159.2,12
13303,61.72,26
13304,1081.83,524
13305,2654.73,980
13306,38.4,24
13307,242.74,104
13308,1173.79,458
13309,1295.49,885
13310,1337.88,562
13311,293.0,120
13312,94.75,17
13313,2987.59,1472
13314,555.88,374
13315,286.62,172
13316,558.0799999999999,205
13317,4932.311,2017
13318,458.48,172
13319,18032.11,6383
13320,2057.15,1227
13321,197.84,68
13322,171.98000000000002,67
13323,583.85,127
13324,2265.65,286
13325,450.3,110
13326,211.20000000000002,92
13327,6712.77,2738
13328,165.6,80
13329,1459.98,538
13330,2099.02,1042
13331,262.4,54
13332,340.82,155
13333,909.9,421
13334,5432.45,2467
13335,-955.06,-1
13336,655.6800000000001,295
13337,1352.23,571
13338,1862.3,692
13339,839.96,278
13340,6938.34,844
13341,762.65,277
13342,-14.100000000000001,-4
13343,293.85,102
13344,2449.53,832
13345,377.6,139
13346,99.0,36
13347,50.0,1
13348,233.76,136
13349,192.12,129
13350,661.12,164
13351,343.94,93
13352,342.59999999999997,193
13353,-28.849999999999998,-3
13354,661.81,472
13355,633.9,266
13356,728.64,253
13357,3380.95,1527
13358,386.47,117
13359,975.5600000000001,326
13360,859.09,377
13361,1268.7,264
13362,4957.09,1909
13363,1433.82,678
13364,0.0,0
13365,2001.96,918
13367,361.4,157
13368,951.94,354
13369,198.07,47
13370,677.4,264
13371,1979.8600000000001,560
13372,364.72,111
13373,6419.7300000000005,2614
13374,422.8,135
13375,1138.24,419
13376,968.4,397
13377,1307.03,396
13378,-756.4,-1
13379,511.59,429
13380,32.4,24
13381,5999.46,2312
13382,1225.58,695
13384,4049.93,1755
13385,473.49,183
13386,484.1,226
13387,186.94,123
13388,1045.7,436
13389,697.88,285
13390,284.88,80
13391,59.8,4
13392,91.14,82
13393,858.95,236
13394,4659.57,2700
13395,732.01,474
13396,788.87,266
13397,2522.43,631
13398,617.12,220
13399,275.4,120
13400,293.25,186
13401,-1834.14,-1
13402,1026.21,605
13403,154.5,54
13404,188.74,86
13405,1075.601,272
13406,93.3,22
13407,1176.55,444
13408,11476.222,3238
13409,-525.65,-1
13410,545.49,251
13411,213.55,72
13412,457.34999999999997,152
13413,139.31,97
13414,535.6,276
13415,490.87,241
13416,940.8000000000001,208
13417,1547.09,436
13418,7984.13,3370
13419,152.12,104
13420,119.35000000000001,38
13421,3250.67,1659
13422,2283.91,973
13423,187.03,117
13424,424.48,282
13425,2235.73,1124
13426,5110.33,3010
13427,648.11,389
13428,465.34000000000003,332
13429,614.4,370
13430,521.49,394
13431,2339.04,826
13432,439.1,217
13433,595.67,165
13434,467.82000000000005,240
13435,1732.55,618
13436,186.39,51
13437,2863.7400000000002,963
13438,46.5,10
13439,870.45,616
13440,1055.55,359
13441,574.26,316
13442,413.57,85
13443,1166.28,572
13444,612.78,301
13445,93.0,20
13446,2670.22,1473
13447,1017.71,455
13448,6904.820000000001,2951
13449,255.88,174
13450,1293.7,674
13451,6545.14,4226
13452,729.8,6
13453,668.99,267
13454,188.37,123
13455,2018.48,643
13456,1139.94,440
13457,96.47,69
13458,7862.72,3383
13459,814.93,463
13460,99.44,86
13461,754.1,328
13462,1040.0,524
13463,-158.65,-1
13464,2716.21,969
13465,627.28,200
13466,802.79,369
13467,996.15,457
13468,11297.22,4318
13469,82.4,52
13470,165.0,100
13471,2260.64,1243
13472,525.28,238
13473,1376.78,392
13474,646.59,318
13475,1148.58,652
13476,1817.97,578
13477,2183.5,1084
13478,1829.07,792
13479,556.26,276
13480,583.66,242
13481,3517.43,1646
13482,329.13,163
13483,80.1,64
13484,757.24,188
13485,2335.0,1032
13486,971.09,465
13487,815.37,287
13488,11477.23,4461
13489,128.64,104
13490,154.25,25
13491,3997.7400000000002,1648
13492,1256.64,384
13493,160.35,8
13494,275.70000000000005,90
13495,1844.5700000000002,875
13496,547.13,305
13497,1103.83,473
13498,186.5,98
13499,545.72,234
13500,1195.94,466
13501,2134.84,728
13502,482.46000000000004,182
13503,1501.69,565
13504,275.35,129
13505,3727.53,1479
13506,1066.36,519
13507,2197.58,980
13508,248.89,78
13509,416.26,275
13510,3920.9700000000003,1799
13511,73.25,5
13512,526.07,263
13513,645.55,280
13514,574.1,144
13515,1032.96,496
13516,891.66,378
13517,1923.85,913
13518,603.16,310
13519,318.06,108
13520,3739.5,1531
13521,1071.73,718
13522,125.80000000000001,44
13523,3598.47,1150
13524,550.94,192
13525,113.9,26
13526,137.63,107
13527,4254.14,1985
13529,307.76,74
13530,257.18,140
13531,1433.07,497
13532,169.81,80
13533,269.09,202
13534,7093.92,3458
13535,89.5,10
13536,2701.06,996
13537,717.85,337
13538,2934.63,757
13539,1413.3600000000001,455
13540,572.39,141
13541,285.75,77
13542,3924.09,801
13543,1276.41,265
13544,781.7,330
13545,294.44,149
13546,1036.56,539
13547,167.08,79
13548,814.98,364
13549,956.52,473
13550,244.87,184
13551,91.80000000000001,12
13552,5024.87,1525
13553,499.6,201
13554,1524.06,527
13555,5468.05,2311
13556,186.9,86
13557,2066.8,1096
13558,584.44,314
13560,171.42000000000002,63
13561,1624.9,979
13562,4482.5,1315
13563,679.6700000000001,123
13564,13822.54,6685
13565,384.8,236
13566,1641.5,1179
13567,979.59,541
13568,187.05,66
13569,726.54,345
13570,158.37,113
13571,4454.18,2960
13572,637.5300000000001,158
13573,610.73,280
13574,383.45,254
13575,725.11,425
13576,2926.53,1252
13577,3057.6,1273
13578,14.940000000000001,7
13579,1159.94,450
13580,107.75,45
13581,250.53,95
13582,241.68,106
13583,1245.651,688
13584,269.0,103
13585,167.7,78
13586,127.28,38
13587,479.8,174
13588,1639.26,1268
13589,912.24,215
13590,4310.5,2305
13591,1979.91,705
13592,228.04,60
13593,5188.79,1813
13594,364.02000000000004,198
13595,784.48,341
13596,632.91,336
13597,314.25,136
13598,564.11,258
13599,6061.22,2829
13600,308.12,105
13601,1098.97,711
13602,953.83,429
13603,148.74,140
13604,518.39,139
13605,436.63,241
13606,176.13,126
13607,1037.1100000000001,410
13608,232.05,110
13609,167.35,19
13610,2071.96,861
13611,2561.39,1171
13612,719.89,315
13613,952.25,325
13614,2332.74,821
13615,5658.93,2202
13616,257.45,124
13617,1067.36,396
13618,113.02,90
13619,224.94,79
13620,52.34,26
13621,184.89,147
13622,511.05,209
13623,2069.77,760
13624,256.72,112
13625,271.26,120
13626,635.25,251
13627,1650.79,847
13628,310.14,106
13629,269.16,102
13630,710.24,361
13631,443.85,80
13632,3463.4,1374
13633,-306.66,-1
13634,4117.1900000000005,1485
13635,2475.42,1329
13636,836.62,358
13637,804.3,405
13638,102.78,44
13639,758.63,433
13641,595.3,264
13642,459.45,230
13643,1929.1100000000001,749
13644,2033.04,920
13645,50.5,14
13646,323.3,78
13647,1996.18,783
13648,1501.97,704
13649,1269.54,463
13650,2722.78,1175
13651,208.95,60
13652,2041.79,997
13653,152.2,72
13654,4619.9800000000005,2292
13655,1939.5,730
13656,862.19,471
13657,336.0,131
13658,5605.87,1926
13659,4052.73,1655
13660,285.24,109
13661,325.24,118
13662,1956.63,760
13663,1799.65,711
13664,-13.14,-1
13665,1360.52,746
13666,107.5,30
13667,299.05,149
13668,8451.4,3084
13669,63.150000000000006,25
13670,296.42,210
13671,172.6,95
13672,121.51000000000002,56
13673,387.44,114
13674,215.88,98
13675,369.22,202
13676,153.15,59
13677,551.24,217
13678,63.2,80
13679,281.26,102
13680,4843.99,2146
13681,735.97,286
13682,59.5,10
13683,166.8,72
13684,391.78,198
13685,20.92,28
13686,344.48,234
13688,190.5,30
13689,34.5,22
13690,159.05,43
13691,197.18,121
13692,434.16,331
13693,1834.8,679
13694,5540.3,1183
13695,1322.29,611
13696,965.5,178
13697,114.39999999999999,80
13698,434.09000000000003,167
13699,681.4,190
13700,1520.46,1222
13701,159.55,79
13702,75.18,26
13703,99.5,10
13704,1928.89,683
13705,1451.51,674
13706,591.5699999999999,277
13707,2346.58,962
13708,229.83,154
13709,6231.93,2739
13710,183.84,80
13711,1431.03,441
13712,323.74,152
13713,740.76,284
13714,161.35,50
13715,5874.1,3056
13716,117.88,114
13717,1250.37,793
13718,184.95,49
13719,2575.78,1249
13720,690.7,333
13721,529.38,320
13722,4745.06,1420
13723,925.22,328
13724,199.81,106
13725,1811.96,574
13726,293.52,228
13727,1014.0400000000001,285
13728,2541.25,741
13729,534.35,189
13730,646.64,280
13731,589.59,228
13732,308.5,186
13733,353.65000000000003,173
13734,459.05,75
13735,8709.82,3349
13736,2648.47,1441
13737,226.05,72
13738,373.82,189
13739,200.4,40
13740,1368.93,603
13741,636.33,193
13742,3011.23,975
13743,137.75,95
13744,570.64,475
13745,314.39,353
13746,176.69,83
13747,154.2,36
13748,806.57,323
13749,-10.25,-7
13750,1054.04,340
13751,120.75,27
13752,1171.29,488
13753,1207.11,519
13754,298.25,123
13755,1992.74,870
13756,4541.77,1794
13757,185.05,29
13758,4640.04,1869
13759,461.89,167
13760,1301.46,496
13761,1819.21,859
13762,60.0,48
13763,405.25,74
13764,2707.52,1549
13765,308.661,105
13766,167.07,89
13767,17294.24,4154
13768,581.6700000000001,189
13769,4148.81,1692
13770,352.47,155
13771,3574.91,1427
13772,3081.57,1420
13773,241.54000000000002,126
13774,318.6,144
13775,963.26,359
13776,-340.17,-4
13777,2342.66,1003
13778,844.5,282
13779,161.13,53
13780,625.27,273
13781,750.48,275
13782,1764.69,610
13784,426.5,58
13785,529.29,127
13786,1247.44,661
13787,912.64,478
13788,3.75,1
13789,188.1,162
13790,225.32,376
13792,383.95,156
13793,96.0,52
13794,126.03,63
13795,239.39999999999998,144
13796,263.3,170
13797,1168.45,570
13798,5728.47,763
13799,1806.02,910
13800,1259.62,578
13801,304.4,144
13802,8228.14,2632
13803,1187.35,579
13804,2646.68,1137
13806,256.38,56
13807,397.3,114
13808,1438.66,578
13809,401.3,89
13810,899.51,311
13811,591.75,67
13812,511.88,261
13813,2379.34,800
13814,1266.07,487
13815,5878.51,2931
13816,531.64,224
13817,367.38,187
13818,51.199999999999996,36
13819,1696.4,864
13820,632.5,282
13821,1355.38,471
13822,478.69,379
13823,2465.9300000000003,851
13824,2121.1,808
13825,200.39,98
13826,148.25,32
13827,409.8,138
13828,168.45,95
13829,0.0,0
13830,135.95000000000002,45
13831,2767.68,581
13832,392.78,183
13833,633.45,171
13834,158.85000000000002,46
13835,1025.38,465
13836,559.08,214
13837,160.69,73
13838,1674.47,670
13839,139.95000000000002,25
13840,609.4,258
13842,5003.81,2211
13843,319.75,145
13844,346.02,172
13845,127.86000000000001,54
13846,1150.66,532
13847,310.72,96
13849,3164.31,1447
13850,1520.81,821
13851,1989.6200000000001,838
13852,152.45000000000002,55
13853,854.74,196
13854,5767.21,1111
13855,1159.3,505
13856,545.04,286
13857,874.21,567
13858,216.17,75
13859,494.86,117
13860,1204.0,493
13861,219.81,145
13862,2166.24,1343
13863,1031.8700000000001,354
13865,501.56,204
13866,145.67000000000002,57
13867,933.09,377
13868,327.78000000000003,176
13869,7654.57,3529
13870,3144.98,1666
13871,6921.72,2546
13872,891.32,332
13873,956.14,314
13874,1170.32,427
13875,4049.85,2184
13876,122.7,36
13877,252.64999999999998,139
13878,1959.91,524
13879,351.82,132
13880,3658.4,1814
13881,7216.83,1395
13882,739.64,306
13883,4830.92,1944
13884,1644.75,631
13885,476.8,158
13886,243.56,126
13887,333.95,123
13888,1816.55,643
13889,1184.7,432
13890,2607.9300000000003,1077
13891,832.81,428
13892,211.65,165
13893,372.3,66
13894,324.65000000000003,159
13895,3035.06,1230
13896,388.55,149
13897,836.12,410
13898,632.58,370
13899,388.52,156
13900,1288.65,680
13901,4684.14,2021
13902,155.66,40
13903,118.65,31
13904,272.04,210
13905,82.57,26
13907,106.8,44
13908,1735.8799999999999,793
13909,244.99,115
13910,-127.66,-1
13911,2818.84,1616
13912,124.95,29
13913,42.22,10
13914,583.95,259
13915,31.200000000000003,16
13916,1156.41,456
13917,233.16000000000003,132
13918,454.2,204
13919,910.31,402
13920,783.68,298
13921,720.75,209
13922,428.40000000000003,114
13923,351.13,185
13924,1343.74,676
13925,543.85,215
13926,192.95000000000002,55
13927,623.54,312
13928,464.57,129
13929,1483.46,330
13930,154.94,82
13931,4144.9800000000005,2046
13932,307.4,72
13933,608.7900000000001,205
13934,592.1,222
13935,2233.12,480
13936,859.26,522
13937,784.7,430
13938,71.66,70
13939,1123.05,747
13940,711.22,324
13941,916.94,302
13943,246.54,94
13944,192.87,117
13945,783.35,389
13946,222.85,155
13947,90.6,44
13948,425.5,150
13949,1764.88,1230
13950,583.84,217
13951,573.41,255
13952,8842.341,2692
13953,245.76000000000002,100
13954,378.59,141
13955,523.91,224
13956,945.0600000000001,397
13957,437.85,133
13958,3598.26,1350
13959,1006.74,597
13960,216.3,94
13961,321.7,162
13962,307.12,88
13963,2077.67,821
13964,406.3,202
13965,679.5,154
13966,263.3,184
13967,121.30000000000001,30
13968,48.3,42
13969,10977.09,5273
13970,217.99,61
13971,3846.17,1913
13972,145.9,42
13973,254.2,84
13974,663.52,354
13975,4784.78,3130
13976,1044.28,332
13977,220.05,51
13978,80.45,45
13979,3046.27,1689
13980,637.7,225
13981,291.39,125
13982,2458.57,1329
13983,4638.57,1802
13984,833.12,473
13985,9312.27,4287
13986,150.06,62
13987,574.78,324
13988,3677.42,1777
13989,951.36,584
13990,282.5,118
13991,616.66,417
13992,159.5,106
13993,5833.56,1640
13994,2123.54,800
13995,3545.56,1934
13996,503.6,169
13997,356.06,119
13998,566.7,204
13999,8124.59,3668
14000,779.85,253
14001,2284.62,796
14002,363.17,241
14003,199.32999999999998,101
14004,4422.43,1791
14005,1170.06,428
14006,922.67,565
14007,79.48,16
14008,433.5,224
14009,902.43,455
14010,218.5,80
14011,256.68,180
14012,194.4,64
14013,862.22,478
14014,862.99,315
14015,455.70000000000005,118
14016,9174.93,3228
14017,229.75,73
14018,285.85,91
14019,857.92,466
14020,1091.04,460
14021,1443.46,566
14022,642.75,371
14023,470.43,189
14024,595.34,190
14025,2382.34,534
14026,713.11,427
14027,104.82,62
14028,-3610.5,-1
14029,357.9,86
14030,6700.58,3125
14031,19432.24,4203
14032,3208.83,1718
14034,432.29,209
14035,1612.26,666
14036,616.57,244
14037,608.0,343
14038,2687.13,1329
14039,114.4,48
14040,10790.39,3613
14041,141.41,94
14042,341.98,156
14043,266.77,103
14044,2920.89,1433
14045,34.0,4
14046,13.0,25
14047,2703.55,844
14048,688.69,369
14049,10181.84,5087
14050,621.62,496
14051,12695.07,2642
14052,466.66,174
14053,110.0,70
14054,92.46,62
14055,787.24,188
14056,7652.3,3299
14057,4424.62,2303
14058,402.23,139
14059,132.6,68
14060,2098.56,1186
14061,553.4300000000001,81
14062,4764.71,1333
14063,-12312.999999999998,52
14064,1525.33,1223
14065,681.05,245
14066,152.55,45
14067,279.54,131
14068,1417.32,418
14069,225.81,58
14070,321.6,85
14071,1281.38,747
14072,390.85,65
14073,125.62,80
14074,20.0,16
14075,929.1899999999999,512
14076,118.67,79
14077,464.3,243
14078,1194.68,453
14079,319.63,29
14080,1065.65,243
14081,4429.28,2525
14082,366.56,174
14083,1009.77,483
14084,26.4,16
14085,8699.83,4412
14086,39.95,1
14087,708.27,477
14088,25928.29,4428
14089,97.55,61
14092,6699.400000000001,2767
14093,381.9,295
14094,258.32,115
14095,2.95,1
14096,52985.82,14420
14097,362.26,230
14098,61.19,32
14099,4907.66,2560
14100,191.95000000000002,63
14101,378.37,174
14102,455.53,266
14104,668.65,368
14105,4703.36,1922
14107,3361.38,1201
14108,762.57,357
14109,80.2,56
14110,6591.52,2867
14111,74.05,22
14112,4548.97,2388
14113,1108.98,423
14114,1330.43,565
14115,151.55,53
14116,1229.54,483
14118,458.45,97
14119,126.99000000000001,79
14120,-23.8,-4
14121,2159.2,1213
14122,255.69,63
14123,372.58,162
14125,2486.69,1163
14126,511.8,221
14127,1844.4,756
14128,752.4,443
14129,2103.3,922
14130,1423.65,807
14131,168.22,105
14132,2324.13,1407
14133,705.4,212
14134,3193.4300000000003,826
14135,2033.67,837
14136,1400.96,690
14137,9.599999999999998,0
14138,645.72,288
14139,759.98,508
14140,817.5699999999999,545
14141,768.63,265
14142,601.7,320
14143,115.8,30
14144,30.599999999999998,12
14145,12.75,1
14146,5725.91,2567
14147,523.7,134
14148,400.29,103
14149,240.47,105
14150,195.94,114
14151,603.7,282
14152,1561.3500000000001,1079
14153,125.39999999999999,92
14154,5002.0599999999995,2021
14155,118.75,25
14156,60189.24,19836
14157,886.0,414
14158,321.71999999999997,224
14159,7305.95,5711
14160,1361.89,415
14161,2798.93,1250
14162,248.56,94
14163,1366.26,318
14164,253.2,144
14165,120.44,53
14166,251.15,82
14167,1274.29,340
14168,203.9,114
14169,621.51,205
14170,570.18,270
14171,397.09000000000003,181
14172,356.27,77
14173,350.35,123
14174,134.46,94
14175,6896.4800000000005,2148
14176,672.2,239
14177,1727.35,619
14178,1531.7,1262
14179,666.77,295
14180,5879.0,809
14181,308.35,120
14182,644.47,148
14183,278.34000000000003,60
14184,452.89,127
14185,197.65,6
14186,1268.99,866
14187,123.5,50
14188,1715.25,877
14189,3962.7,2009
14190,79.9,2
14191,3766.61,1999
14192,182.14,98
14193,985.35,457
14194,15736.56,6300
14195,274.40000000000003,32
14196,60.72,22
14197,360.05,119
14198,1390.9,390
14199,629.55,109
14200,366.0,116
14201,726.38,338
14202,847.76,166
14203,309.34,56
14204,977.97,415
14205,1722.26,563
14206,871.25,485
14207,55.800000000000004,12
14208,408.29,191
14209,4375.05,1311
14210,5316.35,2152
14211,3497.9700000000003,1703
14212,136.0,32
14214,863.01,445
14215,2744.09,1293
14216,1353.55,425
14217,2660.08,895
14218,146.20000000000002,88
14219,523.43,267
14220,880.2,252
14221,4830.79,1936
14222,531.25,351
14223,853.3100000000001,319
14224,1592.23,582
14225,1265.17,534
14226,1687.28,692
14227,5708.2300000000005,2956
14228,715.5,236
14229,1794.91,543
14230,966.6,222
14231,1105.57,555
14232,1441.53,817
14233,1794.0400000000002,574
14234,598.74,498
14235,1539.61,767
14236,756.77,247
14237,417.8,164
14238,278.95,77
14239,3898.5,1427
14240,1102.29,463
14241,174.10000000000002,74
14242,280.55,123
14243,5654.16,2077
14244,82.89999999999999,58
14245,1511.4,707
14246,1214.5,492
14247,679.87,256
14248,610.37,307
14249,3826.331,1234
14250,1684.39,789
14251,1395.3,578
14252,319.79,63
14253,343.0,64
14254,421.03000000000003,215
14255,-1441.6,-2
14256,1946.14,586
14257,4112.4800000000005,2093
14258,9098.27,1487
14259,80.4,44
14260,701.4,352
14261,984.49,318
14262,2062.39,1123
14263,309.73,147
14264,1363.46,409
14265,1152.73,346
14267,1124.55,315
14268,294.85,99
14269,221.6,66
14270,466.25,149
14271,214.18,148
14272,671.95,360
14273,559.97,264
14274,256.6,178
14275,145.58,90
14276,1703.32,1000
14277,3781.45,1301
14278,195.75,107
14279,110.5,22
14280,134.04,52
14281,245.15,45
14282,3566.04,2210
14283,489.47999999999996,286
14284,1176.29,410
14285,1664.76,389
14286,4977.29,3253
14287,88.35,44
14288,344.25,139
14289,851.26,244
14290,2385.61,780
14291,6528.36,3494
14292,3555.18,1245
14293,2468.19,919
14294,362.14,166
14295,1698.0,475
14296,314.65,119
14297,915.18,453
14298,30537.69,14297
14299,4699.34,1902
14300,43.2,32
14301,691.01,275
14302,481.3,202
14303,277.94,218
14304,1344.77,471
14305,1599.52,877
14306,917.84,220
14307,3659.65,1844
14308,-849.45,-1
14309,2755.56,1327
14310,432.1,182
14311,421.86,178
14312,2731.73,1232
14313,-302.31,-1
14314,30.5,22
14315,2771.52,1068
14316,66.9,30
14317,486.02,207
14318,84.10000000000001,56
14319,391.15000000000003,229
14320,1151.32,530
14321,1459.29,1041
14322,180.3,62
14323,510.66,268
14324,678.51,317
14325,177.92000000000002,140
14326,785.5,352
14327,1501.51,789
14328,-445.06,-1
14329,8637.76,4009
14330,200.63,103
14331,412.5,180
14332,1042.55,365
14333,351.45,52
14334,3297.18,1536
14335,371.7,177
14336,1084.03,607
14337,-547.23,-197
14338,702.6999999999999,326
14339,289.16,129
14340,134.7,58
14341,3995.89,1994
14342,531.76,191
14343,1069.16,601
14344,2495.35,888
14345,69.38,26
14346,1812.95,834
14347,82.6,48
14348,389.17,159
14349,133.5,86
14350,889.72,358
14351,51.0,12
14352,801.1600000000001,286
14353,274.62,174
14354,97.14,66
14355,772.97,495
14356,638.14,194
14357,206.16,123
14358,293.34,217
14359,882.58,363
14360,2032.59,943
14361,131.55,71
14362,151.5,96
14363,177.07,81
14364,1259.23,483
14365,561.18,382
14366,136.0,16
14367,7617.84,3158
14368,155.0,36
14369,433.13,207
14370,969.73,209
14371,100.5,34
14372,718.1,184
14373,76.55,17
14374,108.0,20
14375,1048.44,521
14376,215.46,50
14377,320.05,39
14378,131.25,57
14379,1164.6,520
14380,-99.72999999999999,0
14381,575.54,401
14382,948.1,655
14383,949.37,373
14384,58.5,30
14385,192.75,135
14386,142.4,54
14387,1612.28,597
14388,5600.55,2839
14389,1408.75,795
14390,4828.14,1836
14391,135.6,168
14392,266.4,114
14393,67.95,13
14394,93.8,58
14395,7482.63,3297
14396,1931.68,902
14397,868.64,472
14398,687.63,219
14399,1490.51,658
14400,678.5600000000001,408
14401,3704.77,1398
14402,85.2,72
14403,781.8,90
14404,1989.43,983
14406,126.15,41
14407,1021.38,395
14408,955.07,610
14409,1342.27,576
14410,1944.08,930
14411,777.4000000000001,100
14412,1011.48,674
14413,708.12,205
14414,1108.04,568
14415,11142.38,5006
14416,148.94,86
14417,428.29,277
14418,1288.89,737
14419,1204.72,504
14420,1419.46,778
14421,1844.05,765
14422,9023.5,4266
14423,140.0,58
14425,578.0500000000001,199
14426,8386.61,3595
14427,1004.0799999999999,250
14428,1133.05,348
14429,356.2,142
14430,889.8000000000001,300
14431,1701.3600000000001,535
14432,2033.15,1657
14433,280.7,131
14434,566.4,80
14436,72.98,57
14437,593.0,293
14438,131.9,82
14439,7190.7,1190
14440,4456.56,1100
14441,4016.39,993
14442,4900.44,809
14443,1884.73,1032
14444,78.96,56
14445,221.65,83
14446,1100.31,781
14447,1604.93,765
14448,137.75,56
14449,2076.73,1487
14450,1067.3,401
14451,3108.94,1559
14452,658.95,285
14453,119.93,49
14454,878.9,360
14455,353.4,258
14456,2623.99,1871
14457,38.64,28
14458,145.21,129
14459,3087.101,774
14460,105.94,54
14461,6066.21,2455
14462,2114.69,911
14463,447.15,48
14464,51.0,14
14465,1903.64,678
14466,2996.2,1070
14467,2190.64,1127
14468,122.4,20
14469,1737.7,631
14470,584.24,174
14471,400.95,187
14472,1987.3799999999999,1004
14473,196.18,52
14474,1218.94,423
14475,893.72,366
14476,142.6,62
14477,74.21000000000001,35
14478,602.5,312
14479,1053.91,490
14480,1108.25,519
14481,1241.92,883
14482,1626.3400000000001,752
14483,88.7,46
14484,859.54,432
14485,162.8,70
14486,175.5,90
14487,1253.52,760
14488,594.37,336
14489,1458.65,879
14490,1084.83,653
14491,284.05,91
14492,1388.1200000000001,527
14493,4156.62,2103
14494,257.15999999999997,156
14495,166.3,67
14496,1820.5,530
14497,592.04,210
14498,3176.63,1366
14499,1998.48,1126
14500,179.85000000000002,33
14501,146.33,65
14502,2295.57,1416
14503,2980.12,1400
14504,652.26,258
14505,11121.43,4831
14506,2915.25,900
14507,2681.5,1079
14508,801.92,297
14509,110.95,38
14510,736.61,422
14511,1106.1299999999999,652
14512,844.45,352
14513,75.9,16
14514,3742.25,1791
14515,2727.05,994
14516,151.17,63
14517,330.45,91
14518,137.89,86
14519,203.14,81
14520,43.2,16
14521,146.83,89
14522,572.66,176
14523,162.91,82
14524,2717.8,960
14525,3784.29,1667
14526,258.65,178
14527,24688.73,6130
14528,160.88,104
14529,578.61,325
14530,4620.93,1666
14531,349.94,212
14532,3657.38,874
14533,843.86,294
14534,5238.34,2096
14535,5507.17,2481
14536,170.95,39
14537,615.05,203
14538,1370.8400000000001,284
14539,372.84000000000003,212
14540,3004.16,1038
14541,2093.44,774
14542,103.25,19
14543,7877.21,1304
14544,1563.79,826
14545,275.75,61
14546,4866.47,2388
14547,3505.11,1669
14548,945.89,342
14549,906.04,358
14550,1071.4,571
14551,579.34,257
14552,507.93,258
14553,1513.8,772
14554,1766.36,898
14555,2038.3200000000002,599
14556,815.69,323
14557,13.0,20
14558,464.09999999999997,54
14560,3667.18,820
14561,829.0,510
14562,5678.72,2182
14563,564.16,134
14564,2038.48,678
14565,3572.03,1404
14567,1443.1000000000001,386
14568,636.5,384
14569,337.43,147
14570,421.24,216
14571,160.0,56
14572,4642.42,1788
14573,2093.41,600
14574,123.30000000000001,39
14575,420.22,163
14576,35.400000000000006,12
14577,1310.51,533
14578,106.95,60
14579,105.56,56
14580,14.850000000000001,3
14581,359.37,148
14582,86.61,23
14583,1617.15,981
14584,1655.56,716
14585,708.87,422
14586,46.92,40
14587,1569.83,711
14588,135.39,62
14589,39.75,5
14590,2607.88,722
14591,994.33,486
14592,547.44,382
14593,3408.13,1619
14594,363.33,183
14595,1989.97,940
14596,222.22000000000003,75
14597,607.81,342
14598,214.91,156
14599,457.89,292
14600,741.9300000000001,259
14601,87.0,48
14602,205.35999999999999,80
14604,104.71,61
14605,916.5600000000001,366
14606,26585.76,11993
14607,2024.46,820
14608,489.35,132
14610,24.35,15
14611,388.0,228
14612,877.7,134
14614,243.65,91
14615,796.8,336
14616,79.2,16
14617,136.39000000000001,49
14618,793.9200000000001,240
14619,1032.31,363
14620,317.48,120
14621,2609.83,1299
14622,310.5,122
14623,1751.83,804
14624,711.83,377
14625,3869.62,1404
14626,3703.31,1501
14627,353.90000000000003,144
14628,1441.98,394
14629,914.46,324
14630,338.65,111
14631,1368.39,609
14632,95.84,48
14633,344.90000000000003,96
14634,1173.46,650
14635,208.92,88
14636,527.2900000000001,193
14637,76.19999999999999,52
14638,413.6,142
14639,4508.69,1891
14640,3308.03,1383
14641,70.86,66
14642,19.8,4
14643,894.65,241
14644,1438.47,375
14645,732.0,310
14646,23911.71,5155
14647,506.04,175
14648,3098.18,1688
14649,2870.67,1196
14650,62.5,22
14651,1847.32,844
14652,114.18,53
14653,3178.64,1334
14654,206.12,152
14655,1383.93,621
14656,790.0,309
14657,1310.88,662
14658,247.15,47
14659,2415.73,1135
14660,192.85999999999999,108
14661,77.95,11
14662,1228.05,583
14663,409.66,252
14664,596.16,417
14665,1848.41,708
14666,144.85,113
14667,14708.14,5920
14668,111.63,49
14669,3015.45,1500
14670,583.33,423
14671,852.05,307
14672,934.66,418
14673,2163.7200000000003,1138
14674,173.66,103
14675,907.18,542
14676,876.25,181
14677,164.51,115
14678,386.44,178
14679,924.71,425
14680,16405.84,6543
14681,362.35,84
14682,1312.93,593
14683,80.92,103
14684,1333.07,909
14685,2868.21,889
14686,814.58,432
14687,659.58,234
14688,4223.21,2380
14689,82.8,52
14690,764.59,334
14691,1843.49,599
14692,1360.34,562
14693,1086.51,337
14694,229.19,121
14695,1017.64,339
14696,1991.63,949
14697,121.41,61
14698,1217.27,602
14699,702.6,484
14700,2301.34,958
14701,4186.12,1549
14702,6093.93,2505
14703,318.17,183
14704,1747.04,1136
14706,276.94,162
14708,858.78,250
14709,7959.79,3373
14710,1876.3899999999999,1099
14711,2696.46,830
14712,752.5500000000001,195
14713,4395.42,2455
14714,789.36,397
14715,1507.95,536
14716,460.96,355
14717,72.8,30
14718,109.89999999999999,58
14719,1395.85,806
14720,653.73,195
14721,109.07,57
14722,454.48,166
14723,1741.56,1030
14724,321.5,160
14725,794.34,431
14726,66.1,34
14727,321.72999999999996,112
14728,190.58,68
14729,586.24,372
14730,1873.15,1005
14731,346.65999999999997,200
14732,5070.0,1827
14733,7048.6900000000005,1679
14734,1025.07,353
14735,9044.19,2626
14736,374.05,148
14737,1128.25,249
14738,1405.8600000000001,502
14739,3204.73,1116
14740,3768.44,1648
14741,1395.99,595
14742,452.65,230
14743,50.48,40
14744,1451.64,350
14745,1704.02,1077
14746,80.7,46
14747,294.3,82
14748,1699.09,938
14749,147.0,68
14750,101.53,40
14751,106.05000000000001,41
14752,89.4,20
14753,861.95,376
14754,1389.95,763
14755,8755.91,3153
14756,2150.74,834
14757,339.38,112
14758,2810.07,695
14759,1604.97,519
14760,53.8,28
14761,401.12,182
14762,302.37,191
14763,-9.95,-1
14764,19.799999999999997,12
14765,222.61,60
14766,5004.05,2342
14767,382.81,117
14768,192.60000000000002,52
14769,12972.72,7039
14770,3343.57,1353
14771,465.8,390
14772,139.26,82
14773,125.7,50
14774,211.45,75
14775,507.9,382
14776,880.22,664
14777,159.7,68
14778,700.86,282
14779,386.15,84
14780,385.52,190
14781,-530.31,-1
14782,110.10000000000001,42
14783,255.19,141
14784,376.73,243
14785,9.48,12
14786,51.599999999999994,40
14787,110.65,59
14788,927.42,392
14789,139.2,56
14790,1882.22,1102
14791,303.63,127
14792,0.0,0
14793,579.5500000000001,283
14794,1813.21,609
14795,131.45000000000002,17
14796,8456.72,5551
14797,300.31,99
14798,619.35,479
14799,258.47,63
14800,4999.05,2913
14801,182.38,149
14802,-1502.98,-2
14803,448.34999999999997,202
14804,353.27,121
14805,999.0,245
14806,150.55,59
14807,453.74,186
14808,1280.8799999999999,751
14809,426.6,124
14810,2343.53,1137
14811,170.5,74
14812,178.85,135
14813,878.41,367
14814,138.60999999999999,69
14815,604.02,384
14816,271.85,5
14817,3408.73,1735
14818,941.16,299
14819,411.41,134
14820,1124.04,508
14821,1025.8500000000001,345
14822,107.30000000000001,46
14823,321.43,88
14824,2973.71,1302
14825,4122.01,1878
14826,333.6,80
14828,933.2,160
14829,1289.95,682
14830,178.38,139
14831,1380.37,565
14832,-274.63,-1
14833,94.8,58
14834,1841.01,629
14835,-3.9,-2
14836,102.44999999999999,45
14837,2600.42,1700
14838,723.1700000000001,236
14839,647.68,303
14840,340.21,173
14841,5289.32,2082
14842,2323.48,966
14843,121.79999999999998,84
14844,3978.07,1688
14846,234.29999999999998,84
14847,1035.0,369
14848,75.12,60
14849,9571.56,4218
14850,1083.21,862
14851,552.8100000000001,313
14852,4118.88,1969
14853,1216.01,215
14854,2772.11,1441
14855,3624.4,1446
14856,1183.73,591
14857,3282.111,1584
14858,180.75,105
14859,1396.98,616
14860,87.02,86
14861,1048.22,556
14862,627.2,348
14863,266.76,132
14864,-48.75,-17
14865,15.0,12
14866,933.9300000000001,158
14867,2662.89,793
14868,3765.36,1779
14869,2319.78,1296
14870,1706.6000000000001,446
14871,1217.67,421
14872,591.48,374
14873,840.93,287
14874,58.2,30
14875,1727.83,555
14876,210.62,90
14877,425.85,168
14878,3258.06,1344
14879,171.62,72
14880,670.4300000000001,317
14881,164.07999999999998,112
14882,1199.65,322
14883,550.0,417
14884,120.6,72
14885,240.0,160
14886,330.0,136
14888,369.2,184
14889,122.7,66
14890,692.45,409
14891,930.45,488
14892,202.35000000000002,79
14893,1659.95,744
14894,988.61,375
14895,19199.36,5756
14896,1711.05,892
14897,2904.18,942
14898,2628.96,1158
14899,1254.82,450
14901,1745.42,662
14902,704.35,319
14903,2614.58,1354
14904,795.09,645
14905,1079.14,550
14906,-66.98,-1
14907,4486.67,1662
14908,267.3,98
14909,1183.7,574
14910,380.5,197
14911,191323.41,69135
14912,-426.22,287
14913,3005.25,1830
14914,-5.85,-3
14915,1722.65,675
14916,1765.91,901
14917,391.63,159
14918,3457.35,729
14919,343.75,105
14920,1436.89,610
14921,1063.95,581
14922,792.74,302
14923,614.7,250
14924,758.8100000000001,180
14925,-7.95,-1
14926,81.0,12
14927,295.0,172
14928,151.96,138
14929,524.9300000000001,239
14930,4879.3,1698
14931,900.36,320
14932,564.73,149
14934,1973.24,847
14936,9356.04,3198
14937,1323.87,387
14938,1423.31,469
14939,-934.66,-1
14940,484.39,299
14941,100.5,48
14942,185.92000000000002,101
14943,107.62,46
14944,5227.34,1774
14945,112.2,60
14946,100.9,22
14947,889.47,296
14948,901.29,389
14949,498.55,243
14950,347.33,87
14951,230.09,143
14952,6523.39,1729
14953,864.4,630
14954,448.68,177
14955,163.77,74
14957,261.69,97
14958,931.49,223
14959,600.89,435
14960,198.07,141
14961,12711.82,5098
14962,256.15000000000003,63
14963,2454.98,1286
14964,104.45,47
14965,555.29,315
14966,776.94,420
14967,167.12000000000006,147
14968,491.16,209
14969,401.34999999999997,57
14970,3992.8,830
14971,1006.35,448
14972,145.07,40
14973,1133.97,225
14974,89.94,37
14975,171.1,102
14976,765.86,230
14977,31.929999999999996,17
14978,3058.9300000000003,683
14979,399.06,173
14980,144.38,49
14981,299.59999999999997,181
14982,237.78,125
14983,183.20000000000002,90
14984,548.67,140
14985,263.21,184
14986,563.1,338
14987,20.65,7
14988,1837.52,959
14989,302.8,128
14990,304.17,129
14991,239.55,71
14992,210.5,145
14993,36.13,21
14994,872.42,480
14995,231.98000000000002,102
14996,315.45,188
14997,77.12,76
14998,733.02,304
14999,119.4,64
15000,459.92,182
15001,199.10999999999999,70
15002,3568.86,1680
15003,934.37,467
15004,1110.07,442
15005,13142.36,7816
15006,747.28,362
15007,156.91,69
15009,1259.43,639
15010,278.94,160
15011,248.9,96
15012,638.7,347
15013,1465.02,1055
15014,175.17000000000002,99
15015,2137.01,1260
15016,602.81,216
15017,125.58,63
15018,453.76,163
15019,252.81,150
15020,198.47,111
15021,2422.35,1055
15022,899.74,391
15023,10247.58,3659
15024,3226.99,1591
15025,877.73,380
15026,1044.09,595
15027,1442.87,391
15028,838.21,492
15029,311.75,113
15030,644.78,155
15031,2586.65,1160
15032,594.65,277
15033,2493.05,1573
15034,6554.79,3201
15035,227.29000000000002,101
15036,385.15999999999997,206
15037,252.68,166
15038,1129.13,369
15039,29925.32,11769
15040,7.49,1
15041,289.4,194
15042,135.93,30
15043,1084.12,263
15044,15069.69,4162
15045,633.66,106
15046,3487.16,1408
15047,329.7,174
15048,340.56,132
15049,40.050000000000004,15
15050,1528.82,660
15051,2621.27,1476
15052,207.73000000000002,79
15053,453.35,300
15054,302.1,198
15055,518.52,189
15056,83.64999999999999,45
15057,1748.64,420
15058,2875.69,1290
15059,3323.13,1352
15060,291.37,233
15061,7521.09,1636
15062,2213.0,1002
15063,331.2,32
15064,1106.32,542
15065,3024.03,1006
15066,745.79,271
15067,2894.39,1115
15068,1082.14,648
15069,1012.33,296
15070,552.85,183
15071,1150.76,320
15072,181.22,134
15073,2138.94,907
15074,882.57,447
15075,477.11,191
15076,1090.32,552
15077,1225.8000000000002,262
15078,16028.83,7405
15079,2541.0,947
15080,546.25,287
15081,1816.72,723
15082,93.35000000000001,43
15083,53.4,14
15084,679.6,120
15085,155.84,48
15086,218.53,95
15087,193.66,86
15088,1100.19,409
15089,2280.14,1028
15090,337.52,148
15091,859.85,395
15092,773.16,228
15093,7121.95,1829
15094,83.0,28
15095,1680.24,745
15096,142.59,72
15097,562.39,268
15098,-38320.5,0
15099,238.70000000000002,113
15100,-31.89999999999995,42
15101,1096.97,403
15102,433.55,163
15103,619.66,232
15104,825.54,362
15105,2237.13,1073
15106,1176.07,661
15107,603.46,176
15108,1164.55,353
15109,961.9,254
15110,1482.95,332
15111,2305.69,812
15112,150.0,36
15113,860.62,303
15114,2243.2,1294
15115,528.1,244
15116,655.01,237
15117,1687.0800000000002,876
15119,253.20000000000002,64
15120,262.1,94
15121,437.32,175
15122,4044.42,1700
15123,3291.5699999999997,1253
15124,303.22,174
15125,4432.41,1044
15126,380.13,177
15127,353.3,174
15128,1456.1,994
15129,2804.7200000000003,1409
15130,323.15000000000003,173
15131,69.84,52
15132,749.69,435
15133,937.98,320
15134,1357.25,673
15135,293.78,82
15136,1125.13,595
15137,476.83,207
15138,432.41,179
15139,134.08,88
15140,2096.66,848
15141,953.39,524
15142,1895.2,1006
15143,519.05,199
15144,8252.38,2600
15145,964.69,408
15146,895.34,601
15147,525.25,231
15148,291.45,139
15149,1496.41,320
15150,7809.92,3992
15151,1560.25,339
15152,4551.11,1898
15153,291.81,102
15154,1314.17,329
15155,363.39,143
15156,863.81,425
15157,1243.1100000000001,879
15158,36.25999999999999,12
15159,15127.34,5896
15160,462.19,199
15161,109.42,94
15162,241.5,66
15163,295.77,156
15164,2011.21,910
15165,487.75,160
15166,147.0,92
15167,1454.22,563
15168,99.6,28
15169,497.34000000000003,234
15170,81.15,33
15172,1231.65,677
15173,1355.94,696
15174,410.9,190
15175,161.62,170
15176,923.89,375
15177,377.25,93
15178,40.5,30
15179,4926.72,1799
15180,681.75,363
15181,10.599999999999998,10
15182,2375.032,946
15183,616.87,247
15184,537.19,240
15185,117.58000000000001,74
15186,1097.32,368
15187,1534.24,701
15188,218.03,99
15189,5191.69,1074
15190,352.4,166
15191,574.85,263
15192,941.41,445
15193,485.4,96
15194,6473.2300000000005,2775
15196,313.7,130
15197,654.98,364
15198,407.65,241
15199,1895.9,424
15200,549.05,195
15201,1062.22,553
15202,-2570.1800000000003,-2
15203,4003.5,3218
15204,178.7,54
15205,584.63,269
15206,53.10000000000001,18
15207,371.29,206
15208,947.02,304
15209,178.98000000000002,94
15210,944.11,409
15211,894.4100000000001,240
15212,195.42999999999998,81
15213,277.65,172
15214,1465.05,839
15215,1495.46,436
15216,472.89,193
15217,426.24,190
15218,6934.59,2712
15219,589.45,175
15220,1579.94,848
15221,1702.0,214
15222,994.06,762
15223,808.3000000000001,190
15224,501.56,210
15225,362.6,154
15226,147.45,47
15227,2105.45,651
15228,3890.49,1497
15229,100.5,66
15230,335.1,126
15231,178.2,110
15232,139.9,94
15233,59.400000000000006,12
15234,179.0,100
15235,2527.03,1119
15236,93.05,49
15237,1237.54,666
15238,745.66,283
15239,678.84,420
15240,3064.18,1554
15241,1861.05,1128
15242,47.400000000000006,12
15243,819.82,374
15244,681.58,300
15245,2133.56,1077
15246,757.0,323
15247,87.25,47
15248,1661.03,697
15249,8370.130000000001,3823
15250,60.0,48
15251,4885.76,598
15252,1594.24,734
15253,1582.81,808
15254,969.3000000000001,449
15255,2637.05,1267
15256,170.4,92
15257,570.9,46
15258,623.16,142
15259,1013.9,343
15260,6132.06,2486
15261,1365.68,614
15262,418.82,218
15263,156.51,89
15264,772.2,345
15265,3082.12,1330
15266,673.2,170
15268,449.85,98
15269,1071.76,324
15270,3401.13,922
15271,4202.09,2004
15272,1939.27,550
15274,620.33,331
15275,502.87,209
15276,601.3,313
15277,312.48,156
15278,362.96,276
15279,1474.2,618
15280,273.38,257
15281,7267.1,3135
15282,112.85,101
15283,135.43,25
15284,24.75,5
15285,46.2,36
15286,125.80000000000001,28
15287,485.48,214
15288,3158.1,1048
15289,1092.63,797
15290,4007.67,1333
15291,6082.35,1239
15292,178.39,55
15293,234.3,154
15294,222.3,95
15295,207.04,139
15296,8320.76,3409
15297,635.04,290
15298,6095.59,2991
15299,-147.91999999999996,-9
15300,414.84,196
15301,5171.3,2484
15302,291.05,101
15303,1155.5,462
15304,782.3,108
15305,93.6,40
15306,2244.62,1064
15307,205.3,37
15308,288.35,125
15309,663.9300000000001,345
15310,321.68,140
15311,33300.7,11075
15312,2459.29,1145
15314,512.11,324
15315,234.73999999999998,190
15317,112.05000000000001,39
15318,185.78,222
15319,173.0,100
15320,197.53,86
15321,5327.84,2092
15322,1064.3,486
15323,320.9,139
15324,140.22000000000003,74
15325,1430.06,1052
15326,1302.0,847
15327,163.45,67
15328,83.53999999999999,58
15329,2523.38,869
15331,593.89,385
15332,3483.4,1280
15333,208.0,80
15334,350.82,273
15335,170.22,79
15336,240.5,84
15337,270.8,96
15338,277.93,148
15339,1404.55,679
15340,105.5,76
15341,29.5,14
15342,332.24,180
15343,364.5,84
15344,469.62,82
15345,367.69,78
15346,581.57,233
15347,722.3,290
15348,158.04,84
15349,395.66,252
15350,547.6,272
15351,2811.22,1108
15352,111.15,40
15353,2580.09,1121
15354,-94.8,-1
15355,277.05,45
15356,3230.87,1862
15357,-36.75,-1
15358,13108.73,8653
15359,181.35,145
15360,167.05,55
15361,161.55,25
15362,565.98,226
15363,555.2,262
15364,319.67,157
15365,3079.86,1359
15366,1419.1,752
15367,4430.59,1931
15368,82.3,10
15369,-1442.6100000000001,-4
15370,3006.4700000000003,1131
15371,59.400000000000006,12
15372,437.56,50
15373,2779.7400000000002,678
15374,119.4,50
15375,47.04,36
15376,1177.4,567
15377,740.1500000000001,165
15378,246.5,130
15379,4027.28,1962
15380,1273.24,270
15381,801.2,80
15382,10640.8,4799
15383,-10.5,-1
15384,1449.4,710
15385,238.76,130
15386,284.58,218
15387,264.65,95
15388,140.54,88
15390,1095.94,654
15391,206.6,36
15392,1750.6200000000001,776
15393,850.7800000000001,354
15394,4866.36,1928
15395,107.45,17
15396,258.18,98
15397,94.0,20
15398,1251.79,575
15399,678.25,419
15400,382.2,140
15401,203.75,69
15402,1402.67,453
15404,135.02,82
15405,475.88,178
15406,882.65,481
15407,975.04,431
15408,267.18,106
15409,117.2,54
15410,3578.12,1174
15411,1301.99,467
15412,160.29,36
15413,-9313.6,8
15414,685.86,287
15415,397.4,248
15416,3824.91,1543
15417,495.6,260
15418,438.92,239
15419,49.699999999999996,22
15420,550.34,418
15421,3689.66,1683
15422,1541.52,534
15423,138.14,57
15424,223.3,126
15425,1510.32,629
15426,1887.82,934
15427,1380.92,834
15428,716.6700000000001,251
15429,311.98,261
15430,873.75,277
15432,301.26,90
15433,375.7,272
15434,1892.99,739
15435,149.29,54
15436,1057.67,550
15437,382.95,152
15438,156.57999999999998,59
15439,1011.35,430
15440,383.68,197
15441,1043.89,363
15443,4564.91,2091
15444,1397.41,709
15445,234.1,70
15446,391.65,261
15447,484.93,227
15448,719.09,365
15449,794.22,472
15450,361.44,208
15451,226.86,76
15452,1699.31,879
15453,1251.77,741
15454,305.99,146
15455,38.25,3
15456,1539.88,901
15457,237.07,132
15458,53.4,36
15459,123.15,49
15460,207.3,83
15461,-38.4,-4
15462,560.65,327
15463,89.3,46
15464,1044.65,348
15465,5928.01,1221
15466,1480.06,869
15467,425.0,234
15468,1076.56,442
15469,808.0,232
15470,8.4,20
15471,884.01,510
15472,371.56,251
15474,150.35,55
15475,454.10999999999996,319
15476,1388.28,560
15478,1317.7,436
15479,147.4,38
15480,3266.51,1463
15481,183.0,52
15482,155.9799999999999,452
15483,719.06,613
15484,2839.98,1317
15485,2878.73,813
15487,201.32,120
15488,167.28,67
15489,1868.54,692
15490,181.35,72
15491,2200.79,981
15492,445.44,242
15493,4082.57,1177
15494,2764.58,1618
15495,190.1,122
15496,130.54,74
15497,3455.1,612
15498,18475.79,7143
15499,158.65,59
15500,1065.08,440
15501,397.07,181
15502,4558.31,1416
15503,257.3,130
15504,392.75,140
15505,1361.22,480
15506,1558.32,1096
15507,475.86,160
15508,881.95,320
15509,152.41,58
15510,250.0,2
15511,900.53,269
15512,261.38,127
15513,13962.93,3440
15514,3193.7,1582
15515,91.65,35
15516,62.43,27
15517,190.85999999999999,136
15518,3593.57,1779
15519,263.25,92
15520,320.7,194
15521,5238.66,2103
15522,205.20999999999998,229
15523,2272.1,701
15524,591.4,28
15525,872.4399999999999,501
15526,148.44,24
15527,4655.24,1449
15528,130.77,59
15529,4169.65,3090
15530,1471.4,676
15531,1838.65,804
15532,3585.56,1188
15533,714.52,232
15534,162.25,63
15535,925.12,275
15536,187.51,133
15537,110.92,29
15538,863.5,17
15539,407.90000000000003,314
15540,314.16,216
15541,85.13000000000001,49
15542,833.16,401
15543,242.26,167
15544,6332.14,4262
15545,288.96999999999997,162
15546,147.15,27
15547,8618.7,4590
15548,158.09,64
15549,2131.34,716
15550,1666.05,887
15551,1551.61,704
15552,221.32,118
15553,328.25,183
15554,217.2,74
15555,10104.18,6483
15556,229.76999999999998,196
15557,320.35,93
15558,131.88,49
15559,929.4,382
15560,153.52,72
15561,1289.24,564
15562,321.06,94
15563,2047.29,1270
15564,70.74000000000001,42
15565,173.16,60
15566,213.37,103
15567,74.65,31
15568,578.77,245
15569,451.33,226
15570,7950.28,3043
15571,3400.47,1817
15572,3689.0,1615
15573,1083.25,513
15574,987.62,464
15575,30.1,6
15576,535.93,202
15577,396.03000000000003,120
15578,97.1,28
15579,1077.68,454
15580,1058.65,527
15581,4894.71,1933
15582,604.4300000000001,281
15583,95.96,56
15584,1220.7,445
15585,385.46,224
15586,272.7,114
15587,61.199999999999996,24
15589,413.38,194
15590,1405.81,771
15591,156.70000000000002,34
15592,258.26,186
15593,199.8,60
15594,1504.07,639
15596,2276.87,729
15597,526.6800000000001,294
15598,454.7,256
15599,1020.74,698
15600,947.59,471
15601,10829.58,6122
15602,1431.14,632
15603,26.25,21
15604,216.39,159
15605,1637.27,541
15606,3436.48,938
15607,1163.3700000000001,661
15608,1367.42,734
15609,180.03,73
15610,112.46000000000001,66
15611,2375.31,433
15612,160.35,28
15613,278.92,220
15614,1453.6000000000001,488
15615,15196.57,7277
15616,227.11,65
15617,737.35,281
15618,660.631,332
15619,91.80000000000001,12
15620,1740.01,852
15621,61.85,71
15622,6598.2,2937
15623,1891.3700000000001,575
15624,557.49,221
15625,1660.8899999999999,1181
15626,871.05,629
15627,266.42,176
15628,4436.92,2236
15629,984.38,390
15630,1166.99,517
15631,423.15,237
15632,2638.32,1050
15633,3605.31,1350
15634,524.65,203
15635,100.35,5
15636,1353.38,488
15637,640.39,291
15638,443.40000000000003,94
15639,852.35,413
15640,13925.69,4973
15641,3983.29,2305
15643,626.4,192
15644,803.54,550
15645,813.37,302
15646,614.23,435
15647,155.8,100
15648,503.65000000000003,146
15649,131.55,29
15650,525.83,183
15651,843.0,420
15652,1077.52,343
15653,48.0,48
15654,295.11,122
15655,500.82,294
15656,704.58,271
15658,1920.3400000000001,538
15659,471.89,101
15660,2185.6,1278
15661,510.75,251
15662,141.89000000000001,49
15663,124.1,70
15664,1131.23,463
15665,2784.91,1409
15666,515.58,349
15667,183.96,72
15669,487.37,195
15670,315.2,124
15671,991.93,493
15672,45.300000000000004,10
15673,5106.47,2004
15674,5547.05,2316
15675,476.96000000000004,224
15676,2862.93,1399
15677,1185.63,531
15678,1322.42,590
15679,608.18,600
15680,3406.25,1772
15681,1756.98,584
15682,306.91,197
15683,430.34,224
15684,116.6,24
15685,55.980000000000004,36
15687,2774.38,996
15688,190.57,95
15689,521.03,207
15690,89.16,108
15691,375.0,130
15692,177.12,90
15694,5009.95,1090
15695,1060.96,388
15696,3558.6,1154
15697,233.55,103
15698,15.0,12
15699,299.57,89
15700,643.63,304
15701,1484.84,792
15702,106.19,29
15703,211.5,66
15704,3187.7400000000002,1175
15705,83.1,14
15706,971.8100000000001,281
15707,860.28,459
15708,3656.17,1206
15709,264.25,85
15710,726.55,387
15711,420.25,199
15712,3155.7000000000003,1060
15713,732.7,276
15714,603.46,268
15715,589.62,174
15716,2192.94,1043
15717,607.0,224
15718,263.79,71
15719,9900.35,4925
15720,727.52,297
15721,377.64,240
15722,2581.11,847
15723,771.76,337
15724,299.8,114
15725,379.25,173
15726,321.91,123
15727,7828.18,3513
15728,297.25,67
15729,154.70000000000002,40
15730,1526.08,684
15731,96.5,74
15732,1273.58,616
15733,162.3,62
15734,1326.55,266
15735,287.59999999999997,158
15736,1356.16,668
15737,1049.97,444
15738,7626.9400000000005,3286
15739,77.6,16
15740,110.48,32
15741,208.62,70
15742,156.87,51
15743,775.96,214
15745,971.64,316
15746,182.96,130
15747,1762.56,833
15748,212.91,72
15750,5459.241,2885
15751,1265.32,365
15752,3753.32,2549
15754,1733.1200000000001,690
15755,4967.53,2458
15756,528.01,241
15757,2615.88,1133
15758,205.25,47
15759,532.34,110
15760,-5795.87,-1
15761,143.05,31
15762,570.55,227
15763,1048.67,268
15764,3700.28,1649
15765,265.03,143
15766,444.7,162
15767,-242.70000000000002,-50
15768,14730.35,3467
15769,65.34,22
15770,321.45,67
15771,520.9,164
15772,270.8,86
15773,216.34,145
15774,1181.2,356
15775,104.9,68
15776,234.78,102
15777,641.9,162
15778,292.35,77
15779,124.08000000000001,20
15780,448.88,172
15781,324.2,154
15782,1313.97,236
15783,197.82,68
15784,788.3299999999999,333
15785,3233.29,1343
15786,6683.63,3206
15787,913.1,486
15788,185.53,88
15789,1226.02,762
15790,203.63,77
15791,2831.51,1217
15792,840.24,438
15793,191.4,52
15794,178.8,68
15795,1706.39,835
15796,4832.45,1592
15797,15.0,1
15798,1234.41,675
15799,1235.67,830
15800,1177.57,521
15801,988.91,466
15802,-451.42,-1
15803,973.3,310
15804,3471.03,1599
15805,7584.7,3625
15806,323.1,152
15807,1381.33,619
15808,14270.41,5000
15809,632.42,262
15810,2399.2400000000002,1234
15811,3165.43,1332
15812,841.1500000000001,278
15813,679.31,165
15814,1264.02,534
15815,454.14,154
15816,93.3,51
15817,2310.9,1054
15818,123.5,84
15819,3456.66,2172
15820,116.97999999999999,56
15821,570.96,202
15822,1219.79,470
15823,2745.7200000000003,1112
15824,446.1,118
15825,463.42,132
15826,1683.0900000000001,639
15827,2962.35,1160
15828,1108.82,367
15829,369.56,354
15830,475.76,236
15831,326.57,243
15832,826.71,441
15833,80.4,24
15834,3436.14,1483
15835,944.01,415
15836,117.47,24
15837,699.5500000000001,308
15838,98.53,30
15839,991.58,562
15840,262.62,164
15841,1059.0,584
15842,412.35,168
15843,118.95000000000002,27
15844,123.78,110
15845,3163.93,1201
15846,107.01,79
15847,745.05,307
15848,137.99,45
15849,-5876.34,-1
15850,811.97,493
15851,74.93,43
15852,257.26,60
15853,89.8,85
15854,3032.67,797
15855,779.84,496
15856,11828.66,6606
15857,244.79999999999998,168
15858,2828.31,1760
15859,418.3,126
15860,2287.14,827
15861,3830.56,2881
15862,2349.27,1109
15863,323.9,114
15864,310.1,78
15865,1989.24,666
15866,190.89,74
15867,7703.81,2705
15868,84.45,33
15869,259.97,140
15870,815.46,404
15871,33.099999999999994,5
15872,729.25,467
15874,6663.0199999999995,1812
15875,108.52,74
15876,182.89999999999998,22
15877,437.83,243
15878,302.81,183
15879,1071.44,469
15880,299.03000000000003,178
15881,211.74,58
15882,712.61,348
15883,396.48,223
15884,69.5,48
15885,1716.57,547
15886,696.5,222
15887,611.95,285
15888,402.12,123
15889,1267.15,601
15890,340.45000000000005,39
15891,453.0,286
15892,128.2,46
15894,258.25,164
15895,21.85,10
15896,-1899.67,-1
15897,90.53,57
15898,4407.03,1757
15899,56.25,39
15900,655.15,386
15901,596.74,504
15902,114.35,51
15903,316.41999999999996,49
15904,164.68,84
15905,104.19,57
15906,2429.2400000000002,716
15907,873.36,454
15908,748.5400000000001,125
15909,69.53999999999999,50
15910,2596.61,1966
15911,1331.95,678
15912,702.0400000000001,362
15913,6.300000000000001,3
15914,104.22999999999999,53
15915,272.05,194
15916,2803.77,1164
15917,530.17,248
15918,582.88,240
15919,462.69,235
15920,569.14,238
15921,634.38,191
15922,243.00000000000003,64
15923,96.2,42
15924,87.7,31
15925,207.15,93
15926,72.03999999999999,52
15927,93.1,34
15928,262.03,89
15930,426.63,139
15931,239.9,118
15932,1298.53,735
15933,985.84,596
15934,408.54,82
15935,185.56,-11
15936,240.79000000000002,111
15937,145.35,73
15938,564.41,305
15939,1537.99,771
15940,-3.552713678800501e-15,-1
15941,230.6,28
15942,187.8,76
15943,181.74,108
15944,1228.1,248
15945,424.39000000000004,161
15946,462.4,72
15947,452.04,134
15948,1409.79,655
15949,280.0,128
15950,5751.67,2373
15951,974.52,413
15952,712.61,270
15953,1673.3,599
15954,190.75,119
15955,7095.5,2971
15956,219.95,101
15957,840.85,405
15958,462.12,154
15959,461.89,171
15960,341.5,132
15961,288.57,106
15962,278.98,203
15963,401.16,250
15964,269.21000000000004,93
15965,2543.57,1154
15966,280.78,148
15967,2943.6,1179
15968,353.25,174
15969,1043.85,219
15970,522.32,198
15971,332.45,139
15972,1724.33,432
15973,563.35,98
15974,2655.15,1157
15975,352.29,195
15976,1574.05,770
15977,540.71,223
15978,1613.32,625
15979,153.54,114
15980,1345.54,528
15981,6691.09,2636
15982,324.51,131
15983,2076.89,1052
15984,5078.3,2378
15985,1296.88,592
15986,298.5,200
15987,805.85,377
15988,681.61,304
15989,357.81,144
15990,1819.07,890
15991,150.55,41
15992,881.48,466
15993,2620.13,1797
15994,976.86,328
15995,628.54,312
15996,1308.76,494
15997,-23.4,-12
15998,7829.61,4424
16001,407.46,233
16002,169.21,70
16003,4968.77,1463
16004,1856.79,717
16005,2263.44,1210
16006,325.86,181
16007,2790.14,1915
16008,3972.21,1713
16009,899.15,318
16010,1692.91,918
16011,4793.7,2520
16012,2531.21,1201
16013,922.3299999999999,704
16014,1091.03,458
16015,568.5,676
16016,1991.8,804
16017,1484.33,586
16018,441.57,211
16019,9855.49,2393
16020,717.09,375
16021,476.95,252
16022,602.63,255
16023,677.81,258
16024,269.73,310
16025,371.98,194
16026,220.49,219
16027,462.8,124
16028,82.2,18
16029,-4226.6900000000005,373
16030,255.7,124
16031,475.24,248
16032,1754.88,1053
16033,10159.97,3897
16034,627.39,319
16035,217.73,33
16036,2228.31,808
16037,1411.92,644
16038,393.13,169
16039,379.39,239
16040,2075.3,753
16042,1792.14,793
16043,1304.89,406
16044,310.84000000000003,146
16045,1863.13,847
16046,178.78,90
16047,107.14,1
16048,550.49,279
16049,1773.45,973
16050,253.3,136
16051,188.44,80
16052,272.78,186
16053,2723.6,1282
16054,1940.08,493
16055,134.8,22
16056,599.87,273
16057,2993.27,1192
16058,62.7,18
16059,3033.17,1407
16060,481.95000000000005,147
16061,44.95,13
16062,2445.61,1519
16063,274.6,142
16064,109.31,55
16065,1812.83,1010
16066,1251.7,538
16067,1360.68,365
16068,115.73,48
16069,437.3,114
16070,418.23,241
16071,1017.28,549
16072,3987.97,1369
16073,-28.049999999999997,-11
16074,252.5,38
16075,713.78,246
16076,1731.3300000000002,751
16078,357.95,164
16079,138.14,52
16080,472.9,256
16081,3514.84,1573
16082,106.75,39
16083,746.9,368
16084,436.18,216
16085,2218.47,1080
16086,1988.55,898
16089,263.49,119
16090,180.56,58
16091,315.06,154
16092,1167.01,663
16093,17.0,20
16094,2874.5699999999997,981
16095,447.05,265
16096,1362.25,308
16097,155.04999999999998,63
16098,2594.15,888
16099,1253.85,687
16100,520.24,342
16101,2864.02,1329
16102,1267.3400000000001,414
16103,4492.76,1398
16104,2332.02,782
16105,1216.97,627
16106,108.38,74
16107,774.1,150
16108,1891.07,931
16109,215.57999999999996,82
16110,1731.19,832
16111,498.93,185
16112,62.06,70
16113,126.10000000000001,56
16114,135.75000000000003,43
16115,2429.0,1341
16116,577.28,222
16117,650.05,318
16118,83.47,10
16119,799.21,343
16120,242.06,143
16121,1388.14,777
16122,503.1,268
16123,277.3,122
16124,1450.19,501
16125,3855.79,1479
16126,8983.27,2614
16127,714.67,319
16128,2889.92,1435
16129,1168.23,670
16130,964.2,248
16131,3101.39,849
16132,282.6,104
16133,8258.35,2698
16134,1795.93,875
16135,740.25,251
16136,693.8,334
16137,422.7,210
16138,501.9,196
16139,950.1700000000001,409
16140,937.09,525
16141,828.98,242
16142,435.68,251
16143,4197.21,1589
16144,175.2,16
16145,5227.0,2335
16146,528.18,276
16147,2080.52,933
16148,202.25,67
16149,266.7,214
16150,3062.63,1436
16151,-4217.59,-1
16152,669.0,86
16153,3320.73,1586
16154,-10.5,-1
16155,665.85,338
16156,4662.61,1997
16157,368.6,92
16158,596.2,144
16159,820.04,252
16160,157.10999999999999,21
16161,11390.4,5367
16162,37.4,4
16163,1045.45,351
16164,638.73,324
16165,79.9,2
16166,327.48,156
16167,829.5,246
16168,5697.56,2017
16169,1292.0900000000001,629
16170,5684.95,3560
16171,73.2,24
16172,1529.59,915
16173,1397.21,547
16174,1207.15,615
16175,1601.24,740
16176,1081.64,377
16177,2040.33,881
16178,399.24,168
16179,206.47,75
16180,4007.23,2183
16181,153.86,80
16182,102.64999999999999,43
16183,997.8100000000001,287
16184,653.0600000000001,184
16185,631.52,297
16186,6699.53,4001
16187,4325.4400000000005,2134
16188,941.27,533
16189,155.48,86
16190,2357.91,773
16191,2436.14,1037
16192,201.6,80
16193,586.51,307
16194,147.79999999999998,44
16195,323.25,123
16196,93.3,26
16197,1381.73,459
16198,803.061,239
16199,150.75,33
16200,4946.96,2334
16201,1846.65,1082
16202,1957.82,703
16203,869.05,416
16204,811.11,439
16205,1125.95,628
16206,2281.02,1058
16207,327.18,92
16208,3054.42,1153
16209,944.4,357
16210,5381.48,1298
16211,714.82,230
16212,1215.26,446
16213,159.0,48
16214,1719.41,624
16215,242.35,104
16216,854.45,206
16217,259.39000000000004,76
16218,1631.46,950
16220,-10.17,-3
16221,1739.38,784
16222,1272.05,463
16223,1046.3700000000001,439
16224,1217.28,800
16225,2680.61,1107
16226,345.05,209
16227,669.7,214
16228,429.14,194
16229,2772.96,1162
16230,491.63,317
16231,1020.47,467
16232,1402.86,608
16233,1439.28,480
16234,299.1,114
16235,1883.57,612
16236,432.2,184
16237,136.65,57
16238,53.16,60
16239,602.9,250
16240,2654.41,887
16241,3911.86,2102
16242,6991.66,3255
16243,409.1,110
16244,1369.15,663
16245,1168.64,660
16246,754.15,304
16247,77.72,26
16248,152.94,78
16249,1187.49,377
16250,529.24,220
16251,128.31,44
16252,2.6645352591003757e-15,0
16253,2642.83,1143
16254,795.39,278
16255,3848.43,1797
16256,333.35,48
16257,46.95,2
16258,7018.5,2698
16259,340.94,143
16260,652.45,131
16261,1041.16,454
16262,632.36,306
16263,154.10000000000002,59
16264,713.13,376
16265,6106.14,2233
16266,1303.75,411
16267,27.900000000000002,18
16268,516.39,262
16269,620.87,407
16270,772.54,298
16271,3060.19,1926
16272,411.7,224
16273,318.34000000000003,40
16274,351.75,153
16275,1599.5900000000001,652
16276,152.63,79
16277,188.69,33
16278,1016.99,255
16279,4472.59,2251
16280,238.05,101
16281,442.8,172
16282,709.5,202
16283,3939.98,2142
16284,940.24,530
16285,176.9,60
16286,263.65,87
16287,524.22,198
16288,129.85,19
16289,98.81,87
16290,1497.65,442
16291,117.72,1
16292,923.9,328
16293,3843.83,1487
16294,126.05000000000001,54
16295,1107.87,445
16296,1104.6100000000001,464
16297,252.24,120
16298,1080.0,306
16299,165.45,79
16300,1346.92,619
16301,107.33,41
16302,170.1,86
16303,5651.91,2319
16304,367.74,180
16305,347.3,208
16306,987.14,546
16307,804.86,466
16309,593.79,297
16310,439.08,220
16311,587.46,322
16312,150.75,29
16313,237.07,93
16314,1301.8,444
16315,402.71,143
16316,5117.15,2130
16317,1867.76,695
16318,265.15000000000003,139
16320,2681.77,1436
16321,279.0,96
16322,322.19,207
16324,399.23,246
16325,2167.06,863
16326,4626.25,1082
16327,8714.960000000001,4930
16328,300.75,117
16329,912.52,437
16330,503.18,234
16331,720.7,168
16332,1779.45,816
16334,242.31,104
16335,2706.12,976
16336,1583.18,334
16337,151.05,87
16338,199.2,70
16339,94.05,21
16340,1432.16,1199
16341,1585.57,915
16342,281.61,109
16343,583.04,271
16344,445.46000000000004,226
16345,1138.47,563
16346,85.43,61
16347,2975.6,1137
16348,1515.98,848
16349,53.5,9
16350,2035.83,838
16351,2799.57,1557
16352,464.44,276
16353,3199.21,1396
16354,1074.4,471
16355,342.9,142
16356,414.42,189
16357,798.05,317
16358,1872.8600000000001,1058
16359,1137.1100000000001,556
16360,3157.2400000000002,1716
16361,859.71,343
16362,753.0,375
16363,109.36000000000001,52
16364,695.71,255
16365,1669.6599999999999,403
16366,1159.39,455
16367,1312.8,879
16368,506.6,223
16369,1969.14,825
16370,1270.41,565
16371,130.8,60
16372,1260.31,698
16373,309.49,119
16374,1713.32,747
16375,104.0,74
16376,799.45,488
16378,331.75,219
16379,1665.46,958
16380,60.95,20
16381,234.65,84
16382,332.1,117
16383,2549.91,1159
16384,1208.95,645
16385,830.35,402
16386,771.34,418
16387,608.26,230
16388,186.05,83
16389,607.23,174
16390,467.5,122
16391,978.76,540
16392,631.7,405
16393,5065.17,2712
16394,507.2,385
16395,2885.29,1730
16396,102.69999999999999,46
16397,123.13,43
16398,1443.35,475
16399,596.14,308
16400,1828.85,944
16401,3514.8199999999997,2277
16402,241.25,110
16403,161.04999999999998,103
16404,414.7,132
16405,74.85,19
16406,509.66,235
16407,2335.29,1100
16408,208.65,179
16409,4915.3,2660
16410,25.200000000000003,12
16411,756.39,461
16412,586.89,258
16413,522.03,283
16414,551.21,201
16415,604.72,352
16416,1749.87,817
16417,35.7,6
16418,914.74,340
16419,1117.39,440
16420,33.0,20
16421,526.27,123
16422,4042.08,1698
16423,225.28,146
16424,230.9,74
16425,244.8,76
16426,1712.56,1035
16427,136.06,72
16428,507.98,332
16429,284.55,9
16430,723.14,163
16431,474.71999999999997,274
16432,123.48,52
16433,384.52,214
16434,2256.27,935
16435,933.59,308
16436,170.94,132
16437,141.65,77
16438,798.35,463
16439,310.70000000000005,74
16440,3285.17,1618
16441,948.18,429
16442,800.48,443
16444,3043.94,1463
16445,583.16,287
16446,-6.1,0
16447,623.0,146
16448,361.12,176
16449,579.89,287
16450,789.3,230
16451,1009.4,521
16452,239.59,125
16453,244.75,115
16454,1.9000000000000004,5
16455,3289.78,1557
16456,3586.46,2124
16457,161.56,68
16458,5606.29,3255
16459,61.35,23
16460,677.61,459
16461,1391.27,717
16462,102.0,12
16463,1203.6,694
16464,1234.94,652
16465,679.72,376
16466,3010.9500000000003,1351
16467,-6.76,-4
16468,725.12,341
16469,803.9,332
16470,2374.58,1250
16471,851.38,434
16472,789.6,252
16473,418.52,246
16474,1606.8600000000001,812
16475,482.3,231
16476,321.4,158
16477,3743.25,1847
16478,280.6,104
16479,300.83,102
16480,558.57,211
16481,266.53,107
16482,139.5,106
16483,139.35,44
16484,379.4,194
16485,1858.1100000000001,755
16486,134.36,24
16487,167.8,99
16488,327.96000000000004,132
16489,303.7,38
16490,179.16000000000003,106
16491,1327.77,679
16492,354.9,162
16493,857.51,394
16494,410.63,277
16495,587.06,256
16496,1925.13,957
16497,5716.64,2178
16498,86.12,42
16499,2285.0,1018
16500,654.34,259
16501,1031.93,466
16502,203.29,54
16503,3510.53,1381
16504,407.71,399
16506,90.30000000000001,42
16507,135.75,87
16508,240.95,103
16509,363.7,64
16510,1525.02,666
16511,1713.69,697
16512,-33.9,-2
16513,688.11,263
16514,-134.86,-1
16515,2508.72,1084
16516,101.69999999999999,58
16517,162.7,96
16518,836.87,394
16519,439.06,150
16520,2101.68,1019
16521,958.05,567
16522,406.0,140
16523,8804.34,3100
16524,248.44,84
16525,7510.5,1578
16526,549.93,171
16527,986.1500000000001,379
16528,230.37,135
16529,1926.8,691
16530,48.349999999999994,17
16531,1853.66,982
16533,1001.47,495
16534,635.9,168
16535,833.62,435
16536,501.57,175
16537,18.55,35
16538,234.75,158
16539,3065.26,750
16540,205.75,105
16541,368.93,115
16542,236.92000000000002,118
16543,173.58999999999997,105
16544,205.10000000000002,78
16545,116.7,42
16546,758.3,274
16547,90.39999999999999,42
16548,30.15,6
16549,12646.33,6936
16550,7582.17,3712
16551,1181.28,428
16552,336.29,99
16553,2417.58,876
16554,2240.25,927
16555,342.75,161
16556,6845.17,3368
16557,160.05,27
16558,10628.210000000001,4677
16559,175.0,61
16560,2764.43,1204
16561,511.12,244
16562,193.35999999999999,164
16563,812.86,374
16564,87.8,40
16565,148.45000000000002,31
16566,372.65,129
16567,487.6,240
16568,423.30000000000007,30
16569,224.17000000000002,97
16570,3851.48,1283
16571,3091.81,1692
16572,894.34,410
16573,582.11,255
16574,1103.3,714
16575,-10.49,-1
16576,397.97,165
16577,380.0,142
16578,156.6,108
16579,264.45,107
16580,-5.0,-2
16581,44.879999999999995,48
16582,29.099999999999998,18
16583,297.95,153
16584,1017.69,387
16585,311.59,127
16586,1120.48,222
16587,225.15,71
16588,943.2,330
16589,531.24,344
16590,548.0,210
16591,213.5,41
16592,6062.0199999999995,3307
16593,920.56,243
16594,181.09,64
16595,1658.87,1143
16596,373.78000000000003,108
16597,44.24,44
16598,140.7,70
16599,120.30000000000001,34
16600,1413.58,858
16601,611.59,258
16602,552.75,310
16603,442.95,260
16604,229.35,77
16606,337.26,124
16607,4236.32,1913
16608,1166.4,422
16609,5207.4800000000005,1970
16610,75.66,66
16611,1716.93,735
16612,3167.58,1340
16613,543.95,221
16614,1087.39,229
16615,194.9,111
16616,469.34000000000003,296
16617,91.85,43
16618,1553.76,594
16619,1761.19,784
16620,1416.51,747
16621,737.16,230
16622,205.6,40
16623,964.99,363
16624,449.39,146
16625,1418.76,696
16626,3111.61,1050
16627,274.08,90
16628,2042.13,1041
16629,294.35,149
16630,44.300000000000004,22
16631,1649.04,482
16632,406.4,256
16633,2662.15,945
16634,1052.5,356
16635,449.3,228
16636,1375.24,474
16637,937.03,495
16638,1907.88,808
16639,1453.45,552
16640,159.0,122
16641,463.78000000000003,262
16642,840.4200000000001,357
16643,813.5600000000001,334
16644,677.42,480
16645,148.15,69
16646,389.84999999999997,247
16647,443.5,216
16648,513.02,310
16649,306.58000000000004,82
16650,1329.31,623
16651,106.19999999999999,36
16652,8894.83,1734
16653,1003.54,430
16654,1212.45,374
16655,5045.87,2628
16656,1401.2,339
16657,700.07,613
16658,523.08,188
16660,271.15,95
16661,640.41,173
16662,151.05,35
16664,109.2,24
16665,83.2,23
16666,165.63,206
16667,567.1800000000001,236
16668,670.24,388
16669,150.85,606
16670,7146.28,3251
16671,81.75,15
16672,2813.35,646
16673,171.13,95
16674,304.24,181
16675,364.06,200
16676,2107.44,649
16677,809.03,357
16678,2080.35,1164
16679,358.75,55
16680,533.95,227
16681,415.6,168
16682,261.96,96
16683,277.85,113
16684,6691.09,1412
16685,255.36,204
16686,4409.02,2362
16687,54.55,33
16688,861.86,322
16689,215.9,48
16690,223.88,124
16691,168.33,67
16692,158.5,2
16693,1015.5,435
16694,47.900000000000006,2
16695,157.4,100
16696,187.5,50
16697,112.75,27
16699,513.94,275
16700,7263.68,3767
16701,3277.53,1022
16702,960.48,379
16703,-15.0,-1
16704,630.8,361
16705,15813.001,3493
16706,531.35,249
16707,473.65,276
16708,482.63,213
16709,7265.83,1895
16710,5405.29,2972
16711,624.83,107
16712,3814.13,1718
16713,10597.18,4352
16714,984.76,470
16715,81.86,88
16717,5268.87,2099
16718,2247.18,1082
16719,2897.31,783
16720,474.67,269
16721,262.47,148
16722,3778.39,2481
16723,979.53,366
16724,147.35,69
16725,1612.42,592
16726,1767.0,917
16727,897.77,664
16728,1019.24,623
16729,5655.07,3094
16730,447.03,306
16731,170.3,124
16732,3432.43,1363
16733,259.68,112
16734,525.72,161
16735,3521.67,1548
16736,2691.9500000000003,863
16738,3.75,3
16739,700.43,295
16740,226.91,110
16741,173.06,81
16742,1096.35,354
16743,2794.9900000000002,2071
16744,1137.71,618
16745,3391.4300000000003,1654
16746,11721.34,6165
16747,546.0600000000001,236
16748,3557.65,2019
16749,993.08,358
16750,623.93,214
16751,143.6,128
16752,207.5,54
16753,200.04000000000002,115
16755,2471.91,1285
16756,1161.18,532
16757,264.18,150
16758,235.36,101
16759,580.72,278
16760,228.0,168
16761,95.4,76
16762,1142.44,432
16763,799.55,263
16764,2749.9500000000003,1241
16765,408.55,201
16766,736.4000000000001,224
16767,3811.39,2010
16768,1343.92,474
16769,1096.65,271
16770,1719.47,990
16771,3583.29,1645
16772,1798.05,359
16773,374.44,132
16774,1369.0,542
16775,2688.84,813
16776,562.51,411
16777,1261.43,465
16778,196.26,98
16779,12773.78,6313
16780,566.4,328
16781,576.4,166
16782,9273.56,3497
16783,391.95,163
16784,892.33,494
16785,483.8,211
16787,957.53,424
16788,1907.93,915
16789,80.8,32
16790,1370.0,712
16791,3793.54,1707
16792,623.46,324
16793,230.64,122
16794,1940.8899999999999,1293
16795,1974.01,1128
16796,305.62,186
16797,1754.72,860
16798,830.01,203
16799,447.83,161
16800,1101.93,404
16801,733.13,143
16802,582.61,369
16803,300.8,170
16804,480.03000000000003,182
16805,972.21,613
16806,692.56,308
16807,1924.72,1135
16808,200.02,140
16809,1725.48,1092
16810,620.5400000000001,247
16811,482.27,237
16812,2131.2400000000002,840
16813,1578.02,1141
16814,10414.210000000001,3897
16815,406.02,237
16816,396.9,226
16817,2116.4900000000002,987
16818,2668.43,1451
16819,137.95,61
16820,410.49,187
16821,113.35,13
16822,97.2,58
16823,2092.8,984
16824,633.44,294
16825,1298.65,481
16826,341.7,158
16827,117.45,17
16828,128.5,59
16829,489.62,166
16830,1055.0,436
16831,91.8,48
16832,275.65,95
16833,2057.86,601
16834,513.52,320
16835,1359.76,450
16836,550.05,275
16837,2906.13,930
16838,1042.42,408
16839,6992.07,1815
16840,87.11,44
16841,3014.74,1610
16842,1107.56,424
16843,7553.67,3201
16844,604.26,257
16845,243.38,142
16846,660.25,263
16847,552.49,159
16848,1309.62,660
16849,124.57,33
16850,246.73000000000002,117
16851,261.81,127
16852,140.35000000000002,32
16853,-67.5,-10
16854,1182.88,544
16855,298.4,140
16856,351.53000000000003,147
16857,181.2,64
16858,2946.76,809
16859,864.89,484
16860,902.2900000000001,215
16861,646.98,292
16862,450.65000000000003,249
16863,608.16,358
16864,279.53,151
16865,73.35,67
16866,207.73999999999998,60
16867,76.74000000000001,58
16868,384.56,112
16869,736.54,429
16870,409.48,218
16871,2399.84,911
16872,212.95,31
16873,9592.61,3681
16874,209.89000000000001,78
16875,3696.8,1603
16876,108.05,107
16877,826.87,433
16878,0.0,0
16879,-140.95999999999998,-2
16880,1598.83,675
16882,593.64,254
16883,2007.21,805
16884,960.09,386
16885,653.52,284
16886,0.0,0
16887,626.67,348
16888,434.2,145
16889,2190.89,1045
16890,108.28999999999999,75
16891,1721.64,622
16892,718.49,327
16893,249.89000000000001,117
16894,1220.14,401
16895,1097.8600000000001,397
16896,103.95,18
16897,213.03,58
16898,785.61,501
16899,1567.85,627
16900,-7.769999999999924,377
16901,204.26,42
16902,1553.39,472
16903,928.5699999999999,595
16904,4352.16,2017
16905,4104.91,1493
16906,1278.56,458
16907,1061.93,307
16908,252.59,61
16909,200.70000000000002,62
16910,1508.96,884
16911,216.9,110
16912,3903.56,1080
16913,77.08,22
16914,133.76,72
16915,1494.8500000000001,163
16916,860.95,466
16917,965.36,234
16918,2991.21,1863
16919,4750.44,2197
16920,355.45,81
16921,359.46,214
16922,611.08,281
16923,11507.79,4889
16924,684.72,334
16925,94.15,48
16926,1158.66,196
16927,139.85,33
16928,2410.74,1376
16929,1061.8700000000001,561
16930,350.81,267
16931,4944.62,3007
16932,412.55,217
16933,2773.57,1245
16934,1863.39,659
16935,530.86,273
16936,541.45,303
16937,196.25,123
16938,5831.99,2725
16939,375.29,169
16940,5471.64,3364
16941,33.0,12
16942,1827.87,753
16943,816.73,145
16944,101.36,27
16945,7457.64,4031
16946,1199.54,503
16947,626.37,313
16948,407.25,275
16949,948.21,401
16950,1817.97,716
16951,959.69,657
16952,764.75,269
16953,20.8,10
16954,3563.5299999999997,1089
16955,706.92,345
16956,292.34,112
16957,401.04,148
16958,692.65,356
16959,117.35000000000001,49
16960,1874.21,1226
16961,713.01,431
16962,235.44,134
16963,110.55000000000001,35
16964,141.85,25
16965,137.89,81
16966,-3.25,-2
16967,238.79999999999998,186
16968,410.45,229
16969,435.25,228
16970,71.4,12
16971,232.20999999999998,71
16972,749.0,183
16973,127.0,60
16974,365.5,70
16975,606.02,284
16976,175.2,16
16977,436.0,94
16978,738.88,261
16979,2249.73,696
16980,1034.41,529
16981,-4620.86,-1
16982,384.06,182
16983,2643.93,1099
16984,8205.1,3359
16985,7695.3,1585
16986,2586.35,1101
16987,2509.5,669
16988,352.67,134
16989,70.94999999999999,43
16991,892.0500000000001,487
16992,5120.14,1551
16993,1587.35,213
16994,-779.32,-1
16995,-1.25,-1
16996,1713.44,670
16997,117.0,60
16998,24.42,5
16999,296.46,170
17000,235.9,113
17001,5153.0,2268
17002,1740.6,556
17003,828.21,494
17004,1122.44,489
17005,89.25,63
17006,1575.51,524
17007,946.4200000000001,364
17009,40.53,27
17010,151.98000000000002,56
17011,351.9,192
17012,276.37,147
17013,-3224.76,-2
17014,502.68,190
17015,1300.41,1006
17016,434.2,153
17017,-1569.31,1941
17018,1905.5,300
17019,3361.97,1993
17020,750.9399999999999,440
17021,406.84000000000003,193
17022,225.92000000000002,84
17023,714.02,362
17024,25.0,20
17025,323.15,193
17026,54.15,35
17027,1188.77,507
17028,1513.19,688
17029,314.8,140
17030,92.45,49
17031,603.95,315
17032,1916.96,1313
17033,674.29,253
17034,835.16,384
17035,368.43,159
17036,146.9,52
17037,1200.18,556
17038,489.25,175
17039,1316.71,401
17040,429.05,115
17041,1336.2,671
17042,855.5,618
17043,2095.55,877
17044,2959.88,592
17045,796.24,208
17046,925.67,568
17047,2178.95,1004
17048,1478.0900000000001,699
17049,8580.83,3219
17050,3457.32,1693
17051,692.57,459
17052,372.53000000000003,219
17053,496.38,121
17054,1148.63,418
17055,232.85,83
17056,128.60000000000002,26
17057,294.74,129
17058,1006.51,363
17059,4298.17,2052
17060,50.400000000000006,24
17061,2583.95,486
17062,856.69,534
17063,3281.44,1518
17064,855.45,316
17065,82.35,81
17066,228.34,93
17067,161.5,58
17068,8919.91,4242
17069,4471.53,2083
17070,426.92,207
17071,3269.48,1257
17072,228.05,163
17073,1390.17,611
17074,203.05,19
17075,2170.38,728
17076,997.2299999999999,354
17078,46.519999999999996,124
17079,118.80000000000001,24
17080,517.93,175
17081,938.89,356
17082,3959.69,1549
17083,1666.32,850
17084,3681.63,1622
17085,7433.87,3261
17086,1195.12,617
17087,171.13,65
17088,1967.01,796
17089,128.45,35
17090,1537.06,537
17091,6886.39,3006
17092,4679.06,2367
17093,235.88,114
17094,340.40000000000003,184
17095,1753.39,572
17096,3165.79,1115
17097,1126.86,580
17098,591.0699999999999,125
17099,552.17,293
17100,863.62,548
17101,1500.83,557
17102,25.5,2
17103,272.2,158
17104,474.03,149
17105,618.16,496
17106,481.58,153
17107,11544.82,3307
17108,174.95,31
17109,959.4300000000001,472
17110,499.9,136
17111,363.91,270
17112,197.57,130
17113,2007.8600000000001,633
17114,739.72,206
17115,2526.53,685
17116,348.74,272
17117,116.19999999999999,68
17118,111.89999999999999,58
17119,524.97,231
17120,307.46,120
17121,314.74,106
17122,464.9,272
17123,470.95,217
17124,294.24,129
17125,214.98000000000002,85
17126,1966.21,1148
17127,815.85,207
17128,127.09,52
17129,31.85,5
17130,-18.38,-1
17131,2224.2200000000003,755
17132,716.7,330
17133,52.38,22
17134,625.3,144
17135,1071.9,534
17136,176.0,64
17137,1078.81,630
17138,4058.37,1530
17139,15689.69,6117
17140,140.92000000000002,64
17141,727.58,423
17142,1275.25,322
17143,870.47,289
17144,898.53,247
17145,2230.98,1098
17146,5185.75,1692
17147,2746.83,911
17148,124.88,82
17149,143.10000000000002,18
17150,1337.55,373
17151,231.90000000000003,42
17152,382.4,79
17153,213.78,104
17154,188.7,130
17155,487.27,374
17156,534.51,325
17157,1864.89,929
17158,1475.52,708
17159,1931.1,986
17160,8877.24,5924
17161,796.01,441
17162,1380.99,565
17163,403.08000000000004,188
17164,2197.6,1164
17165,1606.99,569
17166,189.49,75
17167,803.75,333
17168,363.42,142
17169,1020.68,479
17170,28.500000000000004,50
17171,329.39,177
17172,230.8,173
17173,3002.05,815
17174,59.9,41
17175,973.74,385
17176,484.24,252
17177,119.5,40
17178,432.96,100
17179,1507.26,625
17180,1672.04,1148
17181,154.33,52
17182,321.3,54
17183,932.51,328
17184,198.41000000000003,73
17185,229.46,119
17187,229.15,86
17188,2587.99,1083
17189,880.04,502
17190,999.73,392
17191,3985.14,1721
17192,65.2,21
17193,503.44,132
17194,480.1,204
17195,306.41999999999996,198
17196,327.75,154
17197,1013.01,191
17198,615.42,261
17199,13.6,16
17200,166.63000000000002,93
17201,830.3199999999999,425
17202,160.65,55
17203,1011.53,536
17204,2434.34,788
17205,76.45,85
17206,204.24,76
17207,282.54,185
17208,90.15,51
17209,265.7,123
17210,244.16,206
17211,3549.61,1678
17212,181.63,93
17213,4464.41,1662
17214,974.12,271
17215,96.15,32
17216,63.6,21
17217,169.3,45
17218,3642.39,1624
17219,259.13,188
17220,4289.52,2224
17221,758.64,360
17222,1299.55,605
17223,558.04,155
17224,70.25999999999999,29
17225,131.15,36
17226,349.71,205
17227,654.46,474
17228,2597.73,1860
17229,318.76,185
17230,4882.35,1397
17231,6765.57,3271
17232,417.77,202
17233,534.3,266
17234,149.89000000000001,55
17235,814.72,371
17236,1542.7,500
17237,853.73,342
17238,7093.17,3065
17239,516.5500000000001,209
17240,77.9,46
17241,2427.04,715
17242,1793.64,840
17243,15440.550000000001,4507
17244,1117.51,642
17245,292.79,151
17246,28.84,12
17247,280.09000000000003,105
17248,459.74,228
17249,68.03,79
17250,371.47,142
17251,748.28,275
17252,348.91,192
17253,178.26,43
17254,446.08,361
17255,738.3199999999999,469
17256,134.73,73
17257,33.55,20
17258,417.3,188
17259,1306.29,619
17260,120.95,23
17261,221.59,95
17262,627.4,87
17263,63.440000000000005,36
17264,240.32,143
17265,550.01,389
17266,501.71999999999997,243
17267,239.62,80
17268,284.45,163
17269,449.81,214
17270,333.85,181
17271,193.8,88
17272,1641.6100000000001,831
17273,120.12,83
17274,546.66,239
17275,114.1,71
17276,445.44,182
17277,1001.03,334
17278,220.18,98
17279,111.33,18
17280,118.85999999999999,74
17282,931.86,476
17283,154.08,80
17284,1929.46,1532
17285,407.94,134
17286,281.18,213
17287,3662.94,1788
17288,1505.55,667
17289,1743.58,987
17290,1030.88,479
17292,195.43,59
17293,2526.25,1146
17294,164.67,81
17295,476.62,208
17296,296.13,116
17297,128.18,65
17298,515.86,316
17299,717.91,463
17300,211.44,169
17301,294.39,216
17302,950.25,429
17303,239.54,119
17304,59.0,31
17305,63.5,10
17306,93.12,24
17307,344.15000000000003,97
17309,315.14,156
17311,1892.02,813
17312,83.9,36
17313,-40.71,-20
17314,3543.94,1598
17315,7287.27,2809
17316,124.45,44
17318,157.32999999999998,59
17319,29.1,14
17320,2130.21,726
17321,1549.17,632
17322,850.6,468
17323,1538.96,1420
17324,866.45,509
17325,512.25,285
17326,312.35,136
17327,44.05,5
17328,29.700000000000003,26
17329,988.45,382
17330,333.8,50
17331,175.2,16
17332,585.03,350
17333,419.37,267
17334,378.35,174
17335,391.08,126
17337,1793.11,1084
17338,11474.86,5089
17339,175.4,52
17340,13363.56,4618
17341,956.01,457
17342,809.4,163
17343,1209.36,381
17344,443.86,198
17345,946.03,568
17346,4599.62,2779
17348,1803.85,1228
17349,402.85,215
17350,1512.391,699
17351,1975.03,359
17352,36.25,15
17353,-9.95,-2
17354,381.40999999999997,232
17355,162.49,80
17356,772.11,625
17357,315.03,128
17358,820.9300000000001,382
17359,240.9,129
17360,1092.44,425
17361,780.77,257
17362,970.46,499
17363,561.94,199
17364,9038.83,4567
17365,6434.46,4220
17366,918.87,383
17367,157.11,113
17368,964.34,446
17370,327.62,204
17371,617.87,251
17372,4231.76,1655
17373,1064.78,594
17374,711.21,153
17375,556.51,260
17376,453.64,244
17377,15709.33,6659
17378,0.0,0
17379,332.85,282
17380,13.75,11
17381,157.02,61
17382,237.60000000000002,73
17383,293.59,135
17384,150.55,61
17385,253.23,173
17386,281.05,119
17387,633.27,337
17388,404.63,190
17389,10882.3,1862
17390,83.3,25
17392,521.84,226
17393,266.55,130
17394,48.349999999999994,25
17395,22.5,6
17396,466.95,122
17397,1037.6,434
17398,580.42,166
17399,-25111.09,-1
17400,4286.9800000000005,1678
17401,114.85,34
17402,2432.65,643
17403,361.87,138
17404,983.78,277
17405,919.1,583
17406,3213.68,1265
17407,222.89999999999998,66
17408,116.65,19
17409,2168.35,409
17410,1091.96,432
17411,1214.05,445
17412,3529.2400000000002,1431
17413,340.29999999999995,78
17414,84.0,180
17415,473.03999999999996,90
17416,12387.53,4667
17417,164.18,76
17418,572.38,257
17419,5267.45,2072
17420,904.08,420
17421,789.05,469
17422,2119.56,1326
17423,489.49,277
17424,-176.96,-1
17425,675.77,347
17426,6211.81,2694
17427,70.8,10
17428,11890.42,4068
17429,1068.7,591
17430,504.25,239
17431,287.5,184
17432,1608.27,888
17433,569.96,305
17434,1938.18,923
17435,249.75,99
17436,521.31,173
17437,328.15999999999997,155
17438,1336.18,368
17439,158.7,34
17440,-2.3,4
17441,247.15,137
17442,3926.34,1951
17444,2245.14,837
17445,-506.51,-1
17446,15.299999999999999,6
17447,460.65,323
17448,8486.24,8278
17449,4465.81,2039
17450,3948.2999999999997,1578
17451,1466.39,691
17452,-227.28,-1
17453,184.32,75
17454,1532.64,721
17455,131.7,66
17456,915.32,412
17457,717.9599999999999,248
17458,529.58,282
17459,577.19,380
17460,1810.5,713
17461,614.41,462
17462,479.58,176
17463,2357.76,1099
17464,534.48,182
17465,2068.76,882
17466,703.28,258
17467,102.6,20
17468,34.0,40
17469,4765.400000000001,1984
17470,1893.59,1139
17471,308.45,129
17472,901.95,527
17473,592.15,267
17474,175.2,16
17475,162.87,103
17476,390.11,148
17477,1079.0,211
17478,888.2,264
17479,277.90000000000003,122
17480,784.04,483
17481,1058.3,556
17482,736.04,216
17483,557.53,191
17484,148.97,87
17485,-29.55,-9
17486,396.87,191
17487,160.55,37
17488,276.5,88
17489,291.2,272
17490,1853.56,761
17491,2961.13,1057
17492,979.7,322
17493,97.55000000000001,38
17494,54.699999999999996,26
17495,708.67,310
17496,1264.45,503
17497,287.25,59
17498,175.74,58
17499,970.98,396
17500,1138.0,17
17501,262.2,112
17502,507.90000000000003,208
17503,450.89,259
17504,4523.87,1781
17505,1491.74,564
17506,262.79,61
17507,564.33,284
17508,3059.62,1524
17509,5616.84,3052
17510,476.76,314
17511,21566.07,4307
17512,2462.27,1321
17513,330.0,100
17514,492.0,260
17515,1602.51,527
17516,928.54,450
17517,153.94,102
17518,298.4,158
17519,2596.4,1052
17520,444.33,173
17521,1127.29,637
17522,695.35,506
17523,293.88,122
17524,468.4,241
17525,753.9000000000001,146
17526,2555.94,450
17527,805.16,290
17528,3110.84,1428
17529,1028.8700000000001,421
17530,2744.66,1620
17531,1130.14,338
17532,65.34,30
17534,1492.73,691
17535,164.4,136
17536,214.83,81
17537,622.71,339
17538,92.66,86
17539,806.78,504
17540,1382.9,515
17541,119.86,44
17542,283.95,174
17543,120.05,62
17544,924.42,386
17545,1344.82,550
17546,-648.05,-1
17547,692.35,213
17548,420.6,196
17549,57.18000000000001,18
17550,2126.18,788
17551,260.34,118
17552,2243.4,1026
17554,1300.65,457
17555,1001.46,641
17556,215.17000000000002,99
17557,526.74,238
17558,259.17,54
17559,107.13999999999999,102
17560,685.32,240
17561,687.9,345
17562,988.88,522
17563,296.08,203
17564,454.01,146
17565,131.83,67
17566,830.17,473
17567,3132.9,1592
17568,374.45,275
17569,290.14,103
17570,0.0,0
17571,1527.71,819
17572,491.71000000000004,213
17573,302.42,158
17574,185.65,77
17575,120.7,12
17576,8128.3,3718
17577,348.75,179
17578,898.49,332
17579,684.58,325
17580,541.02,223
17581,14233.18,6698
17582,1144.95,361
17583,135.95,55
17584,2699.25,621
17585,1598.16,1215
17586,167.4,68
17587,176.71,67
17588,1554.89,299
17589,11764.84,6001
17590,1392.54,666
17591,1623.73,607
17592,0.0,0
17593,5695.74,2304
17594,2447.48,1320
17595,386.69,228
17596,2131.16,1302
17597,2318.9,958
17598,253.98000000000002,78
17599,44.55,9
17600,145.13,83
17601,318.52,175
17602,5438.76,3712
17603,365.77,506
17604,901.7,434
17605,160.75,71
17606,87.30000000000001,42
17607,281.85,123
17608,467.48,479
17609,1702.31,1087
17610,1373.44,763
17611,7772.26,4096
17612,4506.81,2211
17613,4176.81,2016
17614,386.32,235
17615,500.22,204
17617,209.04,92
17618,3632.92,1299
17619,214.37,124
17620,40.64,12
17621,1602.24,466
17622,929.09,223
17623,2352.57,775
17624,1439.75,690
17625,5178.18,2516
17626,210.79999999999998,154
17627,56.050000000000004,11
17628,36.150000000000006,7
17629,1744.04,945
17630,473.59999999999997,134
17631,886.71,336
17632,-12.7,-2
17633,1795.73,729
17634,2284.19,790
17635,1171.15,547
17636,252.01,128
17637,512.5,232
17639,506.87,342
17640,770.45,293
17641,-6.95,-1
17642,1337.17,708
17643,424.1,202
17644,5026.82,2330
17645,-9.9,-2
17646,3633.64,1095
17647,270.46,58
17648,2094.06,679
17649,1509.74,638
17650,79.2,30
17651,5055.25,2620
17652,4298.650000000001,1759
17653,638.28,181
17654,117.55,41
17655,2321.58,708
17656,1172.49,427
17657,126.0,60
17658,128.3,24
17659,3292.61,1268
17660,321.22,159
17661,-54.0,-8
17662,169.92000000000002,52
17663,4289.76,1560
17664,879.37,471
17665,234.3,114
17666,308.28000000000003,104
17667,3351.68,1460
17668,287.75,45
17669,1938.47,1031
17670,185.3,86
17671,1264.43,417
17672,4042.7400000000002,1125
17673,3172.15,2281
17674,128.52,200
17675,21613.79,7417
17676,1948.94,1148
17677,8227.37,3390
17678,377.61,149
17679,1426.4,310
17680,462.5,154
17681,330.8,96
17682,3840.94,2105
17683,490.09000000000003,299
17684,234.85,121
17685,2465.19,1385
17686,7855.75,3002
17687,432.68,210
17688,286.5,108
17689,300.7,222
17690,6116.04,1908
17691,627.35,303
17692,1853.96,1070
17693,137.7,83
17694,865.51,487
17695,465.32,340
17696,4601.46,2374
17697,338.95,93
17698,124.94999999999999,69
17699,228.4,96
17700,5280.22,2371
17701,417.95,109
17702,1981.4,1055
17703,997.1,716
17704,799.03,223
17705,1863.6,856
17706,16101.06,4883
17707,248.65000000000003,137
17708,866.23,338
17709,630.21,247
17710,283.06,122
17711,313.58,150
17712,492.91,191
17713,763.15,395
17714,1331.22,482
17716,9496.58,4116
17717,319.56,200
17718,306.58,166
17719,4755.32,1471
17720,1687.18,820
17721,189.61,59
17722,2370.18,1071
17723,163.9,42
17724,995.6500000000001,289
17725,2777.73,1531
17726,1089.56,442
17727,927.89,394
17728,3690.01,1777
17729,305.45,127
17730,3760.59,2027
17731,1297.16,558
17732,1898.89,680
17733,545.07,235
17734,1346.8,597
17735,14019.7,7074
17736,282.53,165
17737,137.64000000000001,72
17738,3414.88,1536
17739,4739.14,1097
17740,148.5,66
17741,54.3,42
17742,1751.8600000000001,334
17743,-20.349999999999998,-13
17744,934.6,860
17745,593.38,140
17746,417.96999999999997,185
17747,64.65,11
17748,358.15,111
17749,895.86,278
17750,472.88,600
17751,133.86,75
17753,379.56,122
17754,1295.57,1084
17755,-72.23,-30
17756,708.59,351
17757,7813.59,3749
17758,4466.27,2404
17759,1046.96,569
17760,520.08,265
17761,407.26,86
17762,117.15,69
17763,51.15,27
17764,1391.71,553
17765,524.0,195
17766,289.11,130
17767,383.05,174
17768,2150.34,899
17769,6163.87,2472
17770,1017.75,197
17771,288.16,123
17772,360.75,113
17773,535.29,206
17774,2759.12,1293
17776,298.01,188
17777,637.48,477
17778,72.9,22
17779,566.6,285
17780,319.36,124
17781,188.02,34
17782,431.34000000000003,202
17783,313.96,263
17784,97.74,36
17785,360.88,177
17786,251.73,159
17787,1529.16,606
17788,16.7,3
17789,315.55,103
17790,2547.4900000000002,1203
17791,106.1,46
17792,357.85,124
17793,242.02,82
17794,147.3,46
17795,319.07,209
17796,1236.39,347
17797,1908.87,936
17798,167.57,113
17799,5836.0199999999995,3038
17800,884.8100000000001,444
17801,669.92,471
17802,4128.68,2009
17803,184.66,98
17804,378.68,193
17805,130.47,46
17806,246.77,290
17807,407.27,226
17808,249.2,111
17809,572.04,328
17810,343.21,117
17811,7589.67,3384
17812,861.59,396
17813,1586.89,628
17814,1329.05,667
17816,96.11,80
17817,753.49,277
17818,114.28,61
17819,1442.16,387
17820,141.44,70
17821,157.5,42
17822,1164.99,576
17823,449.25,252
17824,65.2,40
17825,359.36,150
17826,133.34,84
17827,2072.42,1164
17828,1379.68,380
17829,2973.32,1192
17830,398.7,92
17831,35.400000000000006,12
17832,148.53,172
17833,324.71,118
17834,440.91,183
17835,256.08,176
17836,110.21000000000001,88
17837,1508.38,507
17838,3792.2400000000002,1411
17839,297.15,207
17840,175.9,128
17841,59658.4,27530
17842,430.69,89
17843,305.76,179
17844,51.559999999999995,52
17845,582.65,163
17846,2033.1,1
17847,129.69,29
17848,2383.33,590
17849,974.96,128
17850,48762.37,19504
17851,1394.1000000000001,701
17852,657.8100000000001,372
17853,1483.49,429
17854,890.65,369
17855,188.81,149
17856,84.11,18
17857,475.0,12
17858,7798.5,1490
17859,113.48,42
17860,663.95,264
17861,3834.47,2292
17862,973.64,319
17863,3271.52,1732
17864,746.25,551
17865,16562.1,6173
17866,611.0,179
17867,471.27,204
17868,227.15,85
17869,708.46,189
17870,1338.58,874
17871,829.13,376
17872,119.77,55
17873,1631.6100000000001,555
17874,640.86,149
17875,153.9,74
17877,210.25,50
17878,1045.09,574
17879,49.16,21
17880,741.28,334
17881,133.35000000000002,32
17882,291.56,130
17883,972.52,474
17884,2011.31,1166
17885,153.46,86
17886,1057.76,338
17887,111.35,30
17888,1014.3000000000001,400
17889,726.26,355
17890,541.77,342
17891,163.06,345
17892,152.3,73
17893,75.71,74
17894,2248.86,894
17895,88.61,91
17897,1592.5,663
17898,264.26,153
17899,107.03,50
17900,15.0,1
17901,260.08,38
17902,87.64,130
17903,381.09000000000003,142
17904,168.32,58
17905,1105.54,373
17906,72.9,26
17907,80.08000000000001,38
17908,1069.7,532
17909,110.05,35
17910,196.9,73
17911,336.35,187
17912,328.49,116
17913,3288.39,1464
17914,235.4,201
17915,183.54,76
17916,22.99,18
17917,335.03,184
17918,253.23,134
17919,257.4,120
17920,12891.83,5764
17921,2354.21,978
17922,170.4,49
17924,466.73,83
17926,835.1500000000001,307
17927,254.40000000000003,84
17928,230.66,100
17929,830.7,111
17930,589.04,300
17931,2040.41,948
17932,1277.57,717
17933,114.69,63
17934,556.75,204
17935,536.54,204
17936,279.63,182
17937,597.6,84
17938,144.29,53
17939,99.14,40
17940,-1515.96,-4
17942,1.9,2
17943,-165.03,-3
17944,60.35,36
17945,283.55,148
17946,149.57999999999998,75
17947,63.72,88
17949,-757.3900000000003,35
17950,1102.61,495
17951,355.08000000000004,100
17952,508.86,269
17953,138.17000000000002,48
17954,3389.78,2197
17955,419.1,101
17956,12.75,1
17957,59.5,85
17958,320.18,166
17959,39.95,1
17960,135.08,60
17961,2804.93,1308
17962,544.29,336
17963,643.16,341
17964,417.01,172
17965,6079.85,2868
17966,385.2,222
17967,223.42,111
17968,450.04,280
17969,1839.09,481
17970,295.67,125
17971,161.94,62
17972,135.19,36
17973,301.28000000000003,104
17974,1554.56,882
17975,6416.66,1838
17976,321.79,93
17977,812.51,488
17978,572.65,214
17979,578.93,271
17980,407.92,171
17981,137.6,92
17982,127.74000000000001,81
17983,126.71,72
17984,1091.71,709
17985,622.35,141
17986,20.8,10
17987,650.9399999999999,491
17988,479.59,185
17989,98.25,68
17990,1160.05,413
17991,289.8,68
17992,252.88,130
17993,175.59,84
17994,1729.36,895
17995,432.90000000000003,114
17996,372.71,253
17997,842.56,673
17998,273.42,111
17999,502.06,214
18000,30.29,25
18001,669.38,325
18002,244.37,71
18003,207.95000000000002,93
18004,157.92,75
18005,226.47,86
18006,637.19,219
18007,215.22,246
18008,842.62,239
18009,2044.9,586
18010,174.8,60
18011,410.79,125
18012,94.3,13
18013,119.73,129
18014,162.22,66
18015,114.99,133
18016,1697.26,653
18018,157.01,62
18019,38.45,7
18020,129.28,43
18021,165.41,94
18022,1402.7,940
18023,-3248.86,-1
18024,94.58,40
18025,969.7,625
18026,127.95,27
18027,95.14999999999999,30
18028,39.650000000000006,13
18029,240.45,169
18030,132.2,36
18031,445.54,250
18032,73.5,42
18033,71.82,44
18034,629.4,591
18035,222.67,126
18036,1417.33,645
18037,167.42,37
18038,111.48,56
18039,459.6,285
18040,357.20000000000005,148
18041,5104.07,3239
18042,281.15,69
18043,529.29,265
18044,3363.16,1254
18045,157.34,88
18046,189.63,44
18047,326.09,130
18048,311.65,160
18049,370.12,254
18050,331.9,154
18051,449.84,267
18053,484.15,274
18054,176.5,96
18055,9300.58,2724
18056,438.95,235
18057,969.02,360
18058,103.5,74
18059,246.55,133
18060,1079.6200000000001,518
18061,2841.4300000000003,634
18062,1055.85,333
18063,84.60000000000001,24
18064,716.8,213
18065,5244.4400000000005,1774
18066,1078.3,294
18067,375.93,165
18068,101.69999999999999,6
18069,4300.51,2733
18070,307.75,85
18071,987.88,498
18072,-12.24,-2
18073,873.02,296
18074,828.24,233
18075,4733.07,2089
18076,68.45,20
18077,3544.85,2306
18078,507.43,196
18079,194.76,244
18081,248.05,61
18082,532.34,295
18083,414.69,122
18084,85.55000000000001,17
18085,1326.25,483
18086,71.1,34
18087,2661.94,514
18088,166.03,107
18089,393.65,71
18090,228.6,134
18091,161.89,95
18092,2157.15,353
18093,312.85,134
18094,1907.67,673
18095,398.85,191
18096,1517.91,976
18097,2477.05,913
18098,527.94,215
18099,158.23,125
18100,370.26,230
18101,622.01,247
18102,-335.95,1202
18103,105.8,23
18104,699.92,266
18105,113.48000000000002,46
18106,1356.58,450
18107,165.88,65
18108,812.46,235
18109,8272.87,1990
18110,332.03000000000003,138
18111,378.32,179
18112,695.84,251
18114,220.1,55
18115,9.700000000000001,3
18116,2028.41,971
18117,220.67,243
18118,5934.75,2841
18119,150.45999999999998,52
18120,111.15,31
18121,354.92,192
18122,1743.47,1054
18123,411.4,244
18124,102.65,47
18125,962.04,546
18126,170.92,111
18127,549.29,214
18128,391.73,180
18129,112.55000000000001,48
18130,928.8,564
18132,188.63,137
18134,445.0,128
18135,440.12,155
18136,1269.39,525
18137,145.99,59
18138,152.65,38
18139,843.6,264
18140,441.76,262
18141,765.21,316
18142,129.78,49
18143,943.52,450
18144,2257.29,575
18145,4223.14,2615
18146,94.35000000000001,33
18147,30.0,8
18148,102.77000000000001,39
18149,1037.38,511
18150,526.5,284
18151,1606.74,664
18152,426.69,75
18153,195.82,152
18154,632.24,398
18155,307.5,162
18156,665.14,258
18157,183.24,72
18158,451.75,353
18159,530.15,139
18160,972.58,462
18161,1541.82,580
18162,338.75,200
18163,434.1,146
18164,363.2,108
18165,143.1,86
18166,175.5,90
18167,1355.51,359
18168,3028.0,1468
18169,202.65,61
18170,2331.2000000000003,624
18171,1756.97,425
18172,9805.75,3173
18173,694.86,228
18175,146.1,46
18176,435.45,255
18177,1807.22,950
18178,5448.93,2758
18179,1598.77,746
18180,1345.15,749
18181,1145.81,475
18182,243.3,82
18183,507.8,226
18185,251.45,87
18186,210.29999999999998,74
18187,640.19,204
18188,2164.17,935
18189,1222.16,592
18190,590.71,231
18191,206.0,56
18192,855.97,299
18193,908.59,423
18194,317.4,52
18195,94.2,36
18196,1345.77,912
18197,88.8,30
18198,1872.92,974
18199,342.2,98
18200,150.35,104
18201,418.73,143
18202,1353.07,509
18203,492.52,111
18204,1495.95,702
18205,477.76,168
18206,236.66,174
18207,369.52,180
18208,330.08,58
18209,139.10000000000002,58
18210,2316.07,947
18211,526.87,287
18212,514.37,158
18213,190.48000000000002,132
18214,370.98,117
18215,1576.71,626
18216,421.75,152
18217,442.42,234
18218,479.3,234
18219,3007.7000000000003,1163
18220,279.0,20
18221,1128.3,588
18222,260.5,90
18223,10429.22,4239
18224,158.95000000000002,69
18225,7611.39,3147
18226,8823.710000000001,4151
18227,93.75,21
18228,753.84,212
18229,5968.59,1527
18230,3015.1600000000003,1372
18231,5197.83,1634
18232,540.89,200
18233,440.0,4
18234,179.6,80
18235,1256.04,686
18236,1733.8500000000001,597
18237,857.02,478
18238,270.92,114
18239,1560.58,724
18240,107.10000000000001,18
18241,2694.65,1081
18242,1994.87,887
18243,515.78,221
18244,252.64,164
18245,5365.150000000001,3314
18246,188.7,26
18247,601.43,209
18248,673.28,234
18249,81.66,56
18250,306.32,138
18252,1009.1700000000001,385
18253,144.72,20
18254,237.9,164
18255,273.15,177
18256,46.089999999999996,43
18257,4136.06,1870
18258,449.35,103
18259,1699.1000000000001,554
18260,7376.75,2545
18261,324.24,146
18262,491.14,312
18263,437.2,351
18264,582.85,217
18265,733.71,189
18266,251.1,138
18267,252.87,131
18268,1040.58,438
18269,78.9,22
18270,319.95,133
18271,341.8,114
18272,3480.05,1655
18273,102.0,40
18274,14.220000000000002,18
18275,395.40000000000003,116
18276,1215.97,629
18277,1064.3400000000001,372
18278,414.20000000000005,140
18279,44.2,52
18280,472.45000000000005,192
18281,201.14,146
18282,162.68,50
18283,2664.9,1679
18284,270.9,142
18285,223.0,65
18286,1119.79,472
18287,1801.29,964
